6.75,16.30,20.15,12.39,7.91,3.34
5.36,13.86,15.77,10.91,5.98,3.16
6.29,16.30,19.71,11.84,7.33,3.34
6.75,16.30,20.15,12.39,7.91,3.34
8.39,16.54,19.28,13.69,8.68,3.34
7.69,15.81,19.06,13.50,8.48,3.34
8.39,17.27,20.81,14.61,9.06,3.51
8.15,16.78,20.37,14.24,8.87,3.34
8.39,18.24,21.25,14.80,8.87,3.51
8.15,17.51,20.37,14.24,8.68,3.34
7.92,16.30,19.28,13.69,8.29,3.34
7.45,16.54,18.18,12.95,7.91,3.34
7.69,16.78,18.18,13.13,7.91,3.34
8.62,18.00,22.12,15.72,9.26,3.69
14.91,31.62,41.62,28.85,16.00,5.45
15.61,32.59,38.33,26.82,14.85,5.09
16.77,32.83,41.18,29.22,16.58,5.62
17.47,35.75,41.84,29.59,16.39,5.62
12.11,24.57,27.82,19.97,11.57,4.39
12.58,26.27,28.91,20.90,12.15,4.74
12.11,23.59,27.16,19.60,11.57,4.39
11.88,23.84,25.85,18.87,11.57,4.39
6.52,14.59,15.99,11.84,6.75,3.16
6.99,15.57,16.65,12.39,6.75,3.16
9.32,20.67,25.19,19.24,9.83,4.04
12.11,25.78,29.57,22.19,11.57,4.57
12.58,27.00,29.13,21.82,10.80,4.57
9.55,20.92,23.44,17.02,9.06,3.86
11.65,27.00,28.70,21.82,11.18,4.92
12.34,29.43,32.42,23.67,11.38,4.57
14.91,35.02,42.93,30.89,14.65,5.62
20.26,47.43,55.86,39.21,18.90,6.68
21.66,42.32,48.41,34.40,18.70,6.50
19.33,37.46,47.53,33.11,19.86,6.50
21.89,44.02,52.57,37.92,19.67,7.38
16.77,32.35,31.54,23.67,13.11,5.62
13.04,22.86,21.47,16.46,9.26,4.39
9.08,16.54,17.74,13.69,7.91,3.86
8.39,14.59,13.36,10.36,6.75,3.69
7.92,13.13,12.92,10.17,6.94,3.86
9.32,16.78,17.09,13.69,9.26,4.74
10.25,17.51,18.40,13.87,9.45,4.22
11.18,18.00,19.06,14.43,9.83,4.39
10.02,18.00,19.71,14.98,9.64,4.22
12.34,23.35,25.63,19.05,11.57,4.92
16.07,27.73,34.17,24.78,15.81,5.62
22.83,35.27,39.87,29.04,20.63,7.20
13.51,25.54,27.82,21.27,13.30,5.80
14.91,26.02,28.26,22.01,12.92,5.27
11.18,21.16,23.66,18.13,10.41,4.57
12.34,21.40,24.31,17.76,11.38,4.39
10.71,21.16,25.63,18.50,11.18,4.04
15.37,27.00,30.67,21.64,12.92,4.74
16.30,28.21,32.42,22.75,15.23,5.27
11.88,22.38,26.07,18.13,11.76,4.04
11.88,24.81,30.89,21.64,12.15,4.39
16.54,29.19,38.99,27.37,17.16,5.45
19.10,34.05,38.11,27.19,16.58,5.80
15.61,28.94,35.05,25.34,15.43,5.62
14.67,25.29,33.73,23.30,16.00,4.39
11.41,22.38,27.16,18.13,10.80,3.86
10.02,19.94,21.47,15.17,10.03,3.69
7.69,15.81,17.30,12.39,7.52,3.34
8.85,16.05,17.96,13.13,8.48,3.69
10.25,17.51,21.69,15.54,10.22,3.86
7.69,16.78,19.50,13.50,8.68,4.57
14.21,14.11,20.37,18.31,9.45,7.38
10.95,19.70,22.56,15.91,9.83,3.69
9.08,18.00,19.50,14.06,8.68,3.69
7.45,14.11,14.46,11.10,6.94,3.51
6.52,9.00,9.64,9.62,5.40,4.39
5.12,7.54,7.89,7.95,5.21,4.04
4.89,7.54,7.67,7.40,5.40,4.04
4.89,7.54,7.67,7.40,5.21,3.86
5.12,6.57,7.67,7.77,5.21,4.04
4.66,9.49,9.20,8.14,6.56,4.22
4.43,8.76,7.89,6.84,5.40,3.86
4.43,8.51,8.10,7.03,5.40,3.51
4.19,9.00,9.42,7.77,5.21,2.99
4.43,10.22,10.08,7.58,4.43,2.28
5.59,12.40,13.36,10.36,5.78,3.16
9.32,21.16,26.72,19.24,9.45,4.04
12.11,30.40,40.74,27.74,13.50,4.92
19.10,40.86,58.92,37.92,20.44,6.15
28.65,57.16,82.14,54.01,33.36,8.78
37.50,74.42,127.71,76.94,48.01,12.47
46.35,104.83,169.98,88.59,58.81,14.58
43.32,103.85,165.82,86.74,50.71,14.58
42.62,92.91,134.93,72.32,43.19,11.77
57.53,122.83,210.51,111.16,73.66,18.80
53.11,117.23,177.21,92.29,60.54,15.11
33.77,72.72,103.39,58.81,36.83,9.84
25.62,55.94,84.77,45.68,27.19,8.08
23.99,55.94,88.06,45.87,27.19,7.55
24.69,55.21,82.36,47.35,27.96,7.73
23.06,52.54,80.17,45.13,26.61,7.73
17.24,43.54,56.08,31.81,17.93,5.45
15.84,35.27,53.67,31.26,17.93,5.45
20.03,48.16,75.57,44.20,23.52,7.20
31.68,71.02,99.67,61.77,34.71,9.84
28.88,62.99,87.62,57.89,30.27,9.31
17.24,30.89,39.21,26.08,17.16,4.74
17.47,37.94,56.73,35.88,20.44,5.97
19.33,44.27,71.41,42.91,23.91,6.32
29.35,72.72,112.81,64.18,39.72,10.54
30.05,59.35,74.70,46.42,28.92,7.55
20.96,39.16,54.10,33.11,25.26,5.97
13.28,27.24,41.62,25.15,15.43,4.39
15.84,34.54,49.94,29.41,17.35,5.27
12.11,29.67,37.68,21.27,11.38,4.22
11.88,26.75,37.90,21.82,13.30,4.22
10.25,23.84,34.83,19.97,12.34,4.04
13.51,32.35,46.88,26.26,15.23,5.45
19.33,45.48,70.10,40.50,21.79,6.85
25.62,57.16,84.99,50.49,30.46,7.73
13.04,25.29,30.67,19.60,11.38,3.69
11.88,21.16,28.04,19.05,12.92,4.04
9.32,19.21,22.78,15.54,9.06,2.99
5.82,10.70,13.36,9.06,7.13,2.28
5.59,9.24,12.27,8.51,6.56,2.28
6.52,11.92,15.33,10.73,7.33,2.46
7.92,16.30,18.62,13.13,7.91,3.51
6.52,13.86,17.52,11.65,7.13,2.46
6.06,12.40,15.77,10.36,7.52,2.64
5.12,11.67,14.68,9.43,6.75,2.64
7.69,16.54,24.53,16.09,9.45,2.99
13.28,26.51,35.49,24.41,13.50,4.04
8.62,19.21,21.69,15.35,8.29,2.99
7.45,11.92,14.90,13.13,5.59,4.74
7.45,15.32,19.06,14.43,8.87,3.51
8.39,16.78,16.43,12.39,6.75,3.69
7.45,15.32,15.77,12.39,6.94,3.51
7.69,15.81,16.43,13.32,6.56,3.16
7.22,12.40,14.24,13.50,5.98,5.27
7.22,10.22,13.14,11.28,5.59,4.92
5.82,12.89,14.24,10.73,5.98,3.34
6.52,15.57,17.09,12.02,6.56,3.34
5.82,15.57,17.30,11.84,6.75,3.34
9.32,21.89,29.35,19.24,9.83,3.86
11.65,28.70,36.36,24.04,12.15,4.22
11.65,25.54,30.89,21.08,11.38,4.22
10.02,22.86,29.57,19.79,10.41,4.04
10.95,24.81,31.98,20.90,11.76,4.22
9.78,22.13,28.70,18.50,10.03,4.04
12.11,31.38,38.77,26.45,12.34,4.74
13.74,32.10,33.95,23.67,10.60,4.39
7.22,18.24,19.28,13.32,7.33,3.86
9.78,24.08,33.30,24.23,10.80,4.57
14.21,40.62,36.36,27.56,10.99,4.74
5.59,13.86,12.49,9.80,5.21,2.99
5.36,13.38,12.49,9.99,5.78,4.39
6.29,14.35,13.36,11.10,5.40,3.34
6.52,15.08,13.80,11.28,5.59,4.74
7.22,15.81,16.65,13.32,6.36,3.34
8.62,22.62,23.44,17.94,7.71,3.69
11.41,27.73,30.01,22.75,10.22,4.74
11.88,29.43,31.54,24.04,10.03,4.39
10.48,26.27,32.86,24.41,10.80,4.04
11.65,26.27,30.23,22.56,11.18,4.57
17.24,31.62,32.64,25.52,14.46,6.32
16.54,30.16,31.76,24.78,14.27,6.50
13.28,28.46,28.70,21.45,11.57,4.74
18.40,30.89,25.63,20.16,11.18,5.27
5.59,12.16,10.73,8.88,5.40,3.34
4.66,9.73,9.20,7.95,5.01,3.16
4.66,11.67,10.73,8.69,5.40,3.16
4.89,12.16,12.27,9.62,6.36,3.34
5.12,11.67,11.17,9.06,6.75,3.51
3.73,9.73,10.73,8.14,5.40,3.51
4.19,10.22,10.73,8.51,5.40,2.81
4.66,12.16,14.02,10.36,6.94,3.16
5.12,12.65,11.83,9.06,5.98,2.99
4.66,11.67,11.61,8.88,5.59,2.99
4.89,13.13,13.80,9.99,6.17,3.16
5.36,14.84,16.43,11.28,6.94,3.16
6.75,17.51,21.03,14.06,7.91,3.69
6.52,17.75,18.84,12.39,7.13,3.34
6.99,19.21,21.25,13.87,7.33,3.51
8.15,22.38,25.85,16.09,7.91,3.69
10.02,27.73,31.54,18.87,9.45,4.04
7.45,20.43,21.90,13.69,7.52,3.51
7.22,19.70,20.59,13.50,8.10,3.51
7.45,19.46,23.00,15.54,8.48,3.86
6.99,18.00,19.50,13.13,7.71,3.69
7.69,21.65,22.56,15.72,8.10,3.86
6.29,17.51,15.99,11.84,5.98,3.34
6.06,17.27,17.52,12.39,6.17,3.16
6.75,18.97,18.62,12.76,6.36,3.34
6.06,18.48,15.99,11.65,5.59,2.99
5.59,15.81,15.55,11.10,5.59,2.99
6.29,17.51,17.96,12.02,6.36,3.34
5.82,17.03,17.74,12.02,7.13,3.34
7.22,21.40,21.47,14.43,8.10,3.69
6.06,17.03,17.96,12.39,7.52,3.34
6.29,18.48,20.81,13.50,7.91,3.51
7.45,21.65,19.93,13.69,6.75,3.51
5.82,16.54,16.65,11.65,6.36,3.16
8.15,23.84,25.85,16.65,9.26,4.22
7.92,22.38,23.44,15.54,8.48,3.86
8.85,26.02,23.22,17.76,7.52,3.86
7.69,19.70,21.25,16.09,6.94,3.51
11.18,28.94,37.90,27.19,11.95,4.74
14.21,42.32,51.70,35.70,13.88,5.27
17.93,47.18,61.33,42.35,17.55,6.68
23.06,60.07,76.01,51.42,22.17,8.26
17.70,44.75,52.13,33.48,16.00,5.45
15.37,39.64,52.13,32.37,15.23,5.45
23.99,62.99,89.81,56.60,25.45,9.13
23.99,61.53,74.26,48.46,21.40,7.55
17.70,46.45,51.04,33.48,14.65,5.62
11.41,33.32,37.68,24.41,10.80,4.74
12.81,36.48,38.99,24.78,11.57,5.09
11.41,32.35,33.95,22.75,10.03,4.39
7.45,21.40,22.56,15.72,7.13,3.51
7.92,22.38,24.97,17.20,7.52,3.69
8.15,23.59,24.75,16.65,7.33,3.51
8.62,24.32,29.57,19.24,8.68,3.86
9.32,26.51,27.82,17.94,8.48,3.86
9.32,25.78,30.89,20.90,9.06,3.86
9.78,26.51,34.83,23.12,10.41,4.22
18.87,48.64,62.87,43.65,18.90,7.03
14.91,38.91,47.10,32.37,14.85,5.45
12.58,32.10,39.43,26.45,11.76,4.74
13.74,36.24,43.15,29.04,12.15,4.74
11.88,32.35,42.28,26.26,11.76,4.57
13.74,35.75,44.03,30.70,13.50,5.27
13.28,34.78,41.18,28.48,12.34,4.92
13.51,37.21,43.81,29.41,12.73,5.09
10.25,27.97,31.32,20.53,9.26,3.86
7.69,20.92,23.66,15.54,7.91,3.86
8.62,23.59,30.01,19.24,8.68,3.86
9.78,27.24,30.89,19.97,8.87,3.86
10.71,30.65,35.05,22.38,9.83,4.22
12.81,36.24,44.47,27.93,13.30,5.45
23.76,71.51,70.10,42.72,20.05,8.26
14.91,39.89,44.47,28.11,12.92,5.27
12.81,34.54,41.62,25.89,11.76,4.74
10.71,26.27,34.83,22.38,10.99,4.04
14.67,36.73,49.29,32.74,15.23,5.45
13.04,32.10,42.50,25.71,12.92,4.57
10.48,26.51,35.05,20.71,10.80,4.04
11.88,30.40,45.78,22.75,13.30,4.92
30.75,80.26,112.37,60.11,32.20,11.07
15.61,41.10,46.44,27.00,13.50,5.09
10.71,29.43,35.05,21.64,10.41,4.22
10.71,26.51,35.70,23.49,11.57,4.04
10.48,27.24,32.20,21.08,10.41,4.04
11.65,26.75,29.13,20.16,10.99,3.86
7.92,17.75,21.90,14.98,8.68,3.34
6.75,17.03,20.59,13.50,7.33,3.34
8.62,18.73,25.63,16.28,10.80,3.69
7.69,15.57,17.30,12.02,8.48,3.51
5.36,10.94,11.83,8.88,6.36,2.99
4.89,9.73,10.51,8.14,5.59,2.99
4.19,9.73,10.30,8.14,5.98,2.99
4.19,9.73,10.08,8.14,5.98,3.34
4.43,9.24,9.20,7.77,6.36,3.69
3.96,8.03,8.10,6.84,5.78,3.51
3.96,8.03,8.54,7.03,6.17,3.51
3.96,8.27,9.20,7.77,5.98,3.86
4.19,8.51,9.42,8.14,6.36,3.86
3.73,8.51,8.54,7.21,5.40,3.51
3.73,8.51,8.76,7.58,5.21,2.99
3.73,8.76,8.98,7.21,5.78,2.81
3.96,9.24,9.64,7.58,6.36,2.99
4.43,9.73,10.30,8.32,7.33,3.34
4.19,9.73,10.30,7.95,7.71,3.86
5.12,9.97,9.20,7.95,7.52,3.34
4.89,9.24,8.98,7.40,7.13,3.16
3.96,9.24,8.76,7.58,5.01,2.99
3.96,9.73,9.64,7.95,5.01,3.86
5.59,7.78,10.51,9.80,5.59,4.04
4.43,10.70,11.61,8.88,6.17,4.04
3.96,10.22,10.73,8.32,5.98,3.16
4.43,10.46,10.73,8.69,6.36,3.16
4.19,9.73,10.51,8.32,6.36,2.99
3.96,9.73,10.95,8.32,6.36,3.51
4.19,10.46,11.61,8.88,6.36,3.34
4.19,10.46,11.39,9.06,6.36,3.16
4.43,10.22,10.51,8.51,6.36,3.16
3.96,9.97,10.08,7.95,5.59,2.99
4.19,9.73,10.51,8.32,5.78,2.99
4.66,10.70,11.39,9.06,6.36,3.34
4.19,9.97,10.51,8.51,6.36,3.16
4.19,9.00,9.20,7.58,5.98,3.34
3.96,8.03,8.76,7.40,5.78,3.34
3.96,9.00,9.64,7.95,5.78,2.99
4.19,10.22,11.61,9.06,6.56,3.16
3.96,10.46,11.61,9.06,6.17,2.99
4.19,9.49,10.51,8.14,6.36,2.99
3.49,8.03,10.08,7.77,5.40,3.16
3.73,7.78,9.20,7.40,5.78,3.51
3.73,9.00,9.64,7.77,5.78,3.16
3.96,10.22,11.39,9.06,6.36,2.99
3.96,10.22,11.39,9.06,6.17,2.99
4.19,9.97,10.95,8.51,6.56,2.99
3.73,9.24,9.64,7.77,5.40,2.81
3.96,9.00,9.42,7.95,5.40,2.99
4.66,10.22,10.95,8.51,6.17,3.16
6.29,13.62,15.33,11.84,7.71,3.86
8.15,18.97,26.50,20.16,9.64,3.86
9.32,20.43,19.93,14.61,7.71,3.69
7.92,16.54,17.09,12.95,7.52,3.51
7.69,15.08,16.43,12.58,7.13,3.51
8.85,16.54,19.71,14.98,8.87,3.69
10.02,20.43,22.12,15.91,8.87,3.86
9.55,19.46,20.15,15.35,9.06,4.04
5.59,12.16,11.61,9.25,6.75,3.51
5.12,9.97,9.64,8.32,6.94,4.39
4.19,7.78,8.32,7.21,6.36,3.86
3.96,7.54,8.10,6.84,6.17,3.69
3.96,8.27,9.20,7.40,6.17,3.51
4.89,9.97,10.51,8.88,7.13,3.51
4.89,9.97,10.51,8.69,7.13,3.69
4.19,9.00,8.98,7.40,6.17,3.69
3.96,8.51,8.76,7.21,5.98,3.51
4.89,9.73,10.30,8.69,6.94,3.69
5.12,10.94,10.95,9.06,6.94,3.51
5.12,10.70,10.08,8.69,6.75,3.69
4.66,9.73,9.20,7.58,5.78,3.16
4.43,9.00,8.76,7.03,5.40,2.81
3.96,7.78,8.76,6.47,5.01,2.46
4.43,9.00,10.30,7.58,5.59,2.64
5.12,10.70,11.39,8.51,5.59,2.99
4.89,10.22,10.51,7.95,5.40,2.81
4.43,8.76,9.42,7.03,4.82,2.46
4.89,8.76,10.08,7.40,5.01,2.28
5.12,8.51,9.64,6.84,5.21,2.28
4.66,7.78,8.32,6.47,4.82,2.64
4.66,9.24,9.86,7.58,5.21,2.81
4.66,9.73,10.95,7.95,5.01,2.64
6.06,11.92,13.80,9.99,6.36,2.99
6.29,12.40,14.24,10.54,6.56,2.99
7.22,14.59,15.55,11.65,7.13,3.34
7.45,14.59,17.09,13.32,7.52,3.34
6.75,14.84,17.30,12.58,6.75,2.99
6.99,16.78,22.12,15.54,7.71,2.99
8.39,17.03,18.84,13.32,7.71,2.99
5.82,12.89,14.02,10.17,6.17,2.81
5.59,10.22,10.73,8.32,6.56,2.99
3.96,7.05,7.67,5.92,5.78,2.46
3.26,6.08,7.01,5.18,4.43,2.11
3.03,6.32,7.23,5.18,4.43,2.28
4.19,7.54,8.54,6.47,5.40,2.46
3.26,5.84,7.01,4.99,4.05,1.93
3.26,5.84,7.23,5.18,4.05,1.93
3.49,7.05,7.67,5.55,4.24,2.11
3.03,6.32,7.23,5.18,4.24,1.93
3.96,7.78,8.98,6.84,4.43,2.28
3.96,8.03,9.20,6.66,4.63,2.11
3.96,8.03,9.64,7.03,4.63,2.28
4.43,9.24,10.51,7.58,5.01,2.28
5.82,11.92,14.46,10.73,6.17,2.81
6.06,12.65,14.68,10.36,6.56,2.81
7.92,15.81,17.96,12.39,7.52,2.99
6.52,13.38,17.74,12.39,7.71,3.16
10.02,19.70,23.88,16.65,10.22,3.86
10.71,18.73,23.66,16.28,11.38,3.69
11.88,21.89,30.67,20.53,13.69,4.22
15.37,27.97,35.27,24.78,15.81,5.27
10.95,21.40,26.50,18.50,10.99,3.86
12.81,24.32,31.10,22.38,12.73,4.74
12.58,29.43,41.18,28.48,15.23,5.09
18.63,34.29,40.30,28.11,16.58,5.45
20.96,44.27,59.14,41.80,20.44,6.85
23.06,57.64,68.78,46.42,20.63,7.55
20.03,45.97,63.09,41.24,20.82,6.68
25.62,52.54,90.91,54.93,31.24,7.20
34.24,76.86,97.70,63.25,34.90,10.72
24.69,42.56,49.94,34.59,23.33,7.73
22.13,40.37,55.64,34.96,24.10,6.50
23.52,40.62,45.56,32.37,19.67,6.68
18.17,27.97,31.54,22.93,16.77,6.32
17.00,24.57,26.29,19.05,15.23,5.97
17.93,19.94,23.88,16.83,15.62,5.62
18.40,21.40,26.07,18.50,15.23,5.27
16.30,24.81,34.17,22.93,17.55,4.92
15.37,27.24,37.46,24.23,16.58,4.92
17.47,33.32,47.10,29.04,18.70,5.09
21.43,39.89,56.30,36.25,23.14,6.32
26.55,50.35,74.91,47.35,29.69,7.91
23.06,45.00,60.24,38.84,24.29,5.97
23.29,48.16,70.53,46.61,24.29,7.73
22.36,52.54,65.50,41.80,21.40,6.85
18.17,41.35,57.17,35.51,20.05,5.97
27.48,66.40,97.04,59.74,29.69,9.66
23.99,59.59,69.88,45.13,20.44,7.20
11.65,29.19,37.68,22.93,11.38,4.22
10.48,27.73,34.17,20.71,10.03,4.22
9.32,23.84,28.04,18.13,8.87,3.86
8.39,19.94,25.19,16.65,8.29,3.69
9.55,22.62,28.26,18.68,9.64,4.04
10.02,24.57,30.67,20.34,10.60,4.04
10.95,22.86,28.91,19.24,11.18,3.69
10.71,22.86,30.89,20.53,11.18,4.04
15.84,37.21,48.85,32.37,16.97,5.80
14.21,31.86,40.52,25.52,13.69,4.74
12.11,30.65,45.34,28.48,16.00,5.09
18.40,38.67,59.58,37.36,21.98,5.45
14.67,28.46,35.70,23.12,15.23,4.74
9.08,19.94,25.19,16.46,9.83,3.86
11.65,22.86,34.83,21.64,15.04,4.39
12.11,25.78,35.92,21.64,13.69,4.39
14.67,31.38,46.22,26.26,17.16,4.92
15.14,27.73,38.33,22.93,17.16,4.74
15.14,27.24,38.77,24.23,17.74,4.92
22.13,39.40,55.86,36.07,25.64,6.68
20.73,36.24,49.07,30.52,23.14,5.97
18.87,31.86,46.00,28.30,21.98,5.45
16.30,29.43,43.59,26.08,20.05,4.92
11.65,20.92,21.03,14.43,10.60,3.86
5.36,9.97,9.42,7.95,6.56,3.69
4.89,7.78,8.54,7.77,6.75,4.04
4.43,7.05,7.45,6.84,5.21,3.86
4.66,7.54,8.10,7.58,5.40,4.04
4.43,7.54,8.32,7.03,5.21,3.69
4.19,7.54,7.67,6.84,5.21,3.86
4.66,6.57,7.45,7.03,5.40,3.86
4.66,5.35,7.67,7.03,5.78,3.34
4.43,5.11,7.45,6.84,5.78,3.34
4.66,5.35,7.23,6.66,5.78,3.34
4.43,4.86,7.45,6.47,5.78,3.16
4.66,5.59,7.01,6.84,5.78,3.69
4.43,6.81,7.45,7.03,5.59,3.86
4.19,8.51,8.10,6.84,5.21,3.34
4.66,9.73,9.86,7.77,5.21,2.99
5.12,11.19,12.70,9.80,5.78,3.16
7.69,16.78,19.28,14.06,7.71,3.51
9.08,19.94,22.56,16.28,8.68,3.69
10.71,20.67,24.97,18.31,10.41,3.86
6.99,13.86,14.46,11.28,6.75,3.16
6.06,11.43,11.83,9.43,5.78,3.16
5.59,10.94,11.61,9.43,5.78,3.34
5.12,10.70,11.39,9.06,5.40,3.16
5.59,11.19,11.39,9.43,6.17,3.69
5.59,10.94,10.73,8.88,5.98,3.69
4.66,9.49,8.98,7.58,5.40,3.16
4.19,8.27,8.10,6.66,5.01,2.99
4.19,8.51,7.89,6.66,5.21,3.34
4.43,8.51,7.89,6.66,5.59,3.86
4.66,8.51,7.89,6.66,5.59,4.04
4.19,8.27,7.89,6.66,5.01,3.69
4.19,8.51,8.54,7.03,5.21,3.69
4.43,9.24,8.98,7.21,5.40,3.16
4.19,9.00,8.76,7.03,5.40,3.51
4.19,8.51,8.98,7.21,5.40,3.34
4.19,8.51,8.54,7.03,5.21,3.51
4.43,9.49,8.76,7.21,5.59,3.86
4.43,9.24,8.54,7.21,5.21,4.04
4.19,8.27,8.54,7.03,5.21,3.69
3.96,8.03,7.67,6.47,5.01,3.86
4.43,8.51,7.89,7.03,5.98,4.39
4.19,8.03,7.45,6.47,5.21,3.86
3.96,7.78,7.45,6.10,4.63,3.51
4.19,8.76,8.98,7.40,4.82,2.99
5.59,11.67,11.83,9.80,5.98,3.51
4.89,10.70,11.17,8.69,5.40,3.16
4.66,9.73,10.30,8.14,5.01,2.81
5.12,11.19,11.61,9.43,5.59,3.16
6.29,12.65,12.92,10.17,6.17,3.34
5.82,12.40,12.70,9.80,5.59,3.16
23.52,26.27,39.43,33.66,27.19,20.20
21.89,27.24,37.02,32.55,23.72,17.57
18.63,26.02,34.17,31.07,21.02,14.93
3.26,4.62,4.60,4.25,3.47,2.99
3.03,4.38,4.38,3.88,3.47,2.81
3.26,4.62,4.60,4.25,3.47,3.16
3.26,4.86,4.16,4.07,3.47,3.16
3.26,4.62,3.94,4.07,3.47,3.51
3.26,4.86,4.16,4.07,3.47,3.16
3.26,4.62,4.60,4.07,3.47,2.99
3.26,4.86,15.99,10.54,4.05,2.81
20.03,34.78,24.31,17.57,20.05,15.11
16.54,36.73,28.70,30.52,9.45,12.82
11.18,31.86,21.69,26.82,6.75,9.66
21.89,43.29,31.76,28.67,18.12,15.81
14.91,38.91,25.85,22.93,14.08,13.35
14.67,37.21,15.55,18.87,7.33,9.13
12.81,30.40,20.37,23.67,7.71,10.89
17.47,41.59,38.33,31.63,22.56,15.46
19.10,46.21,35.05,22.93,20.25,9.49
14.91,43.78,33.95,22.19,17.35,8.61
13.28,44.02,35.49,21.82,14.27,8.78
13.28,45.97,40.96,24.60,13.88,8.43
14.91,48.64,44.90,26.45,15.62,8.96
24.92,42.08,39.65,25.52,26.99,16.16
28.88,45.72,43.37,25.71,27.57,14.05
19.10,52.29,52.79,32.55,20.82,10.01
18.17,51.08,47.31,27.93,20.25,10.36
20.50,45.72,44.25,25.71,21.98,12.12
18.63,48.16,47.31,27.19,20.05,10.36
18.87,50.10,48.41,27.93,20.82,10.54
22.36,50.10,50.38,29.22,25.07,13.18
27.95,46.21,46.88,27.74,30.08,16.51
27.95,46.94,48.19,28.48,30.08,16.51
31.44,47.43,49.07,29.22,33.16,17.92
27.72,47.67,49.50,28.48,27.77,14.23
20.96,48.89,50.60,29.04,22.56,11.24
21.20,48.89,48.63,27.74,24.49,12.65
20.73,63.97,70.97,38.29,22.17,10.89
24.69,70.78,75.13,40.69,26.22,20.03
26.79,78.56,80.61,43.46,26.99,13.88
23.99,69.56,76.45,40.69,26.99,12.47
20.96,59.35,59.14,32.92,21.40,10.72
20.96,59.35,63.74,38.47,24.10,10.72
23.52,62.75,63.31,39.95,24.29,10.72
22.13,58.13,53.89,34.22,22.95,10.54
18.40,55.21,51.48,30.15,20.25,10.19
18.63,52.78,55.42,31.44,20.63,9.66
19.80,57.64,61.11,34.22,21.79,10.72
18.63,62.02,50.38,31.44,19.47,12.30
16.07,51.32,43.37,27.19,15.62,9.31
15.14,47.91,46.66,27.37,16.20,9.13
24.46,76.61,81.92,46.79,28.15,13.88
30.51,95.58,91.12,51.42,31.81,15.99
24.22,74.67,69.22,40.13,24.49,12.82
22.13,65.91,66.59,40.50,24.29,11.59
27.02,84.40,81.05,49.38,28.54,15.28
29.35,97.77,88.28,50.49,29.31,16.51
28.65,94.37,86.74,52.16,28.73,14.40
24.46,74.42,72.94,43.46,24.68,12.82
28.42,83.91,102.08,54.56,30.85,13.35
30.51,90.72,92.22,52.71,29.31,13.88
26.32,80.02,73.82,45.87,25.84,13.00
23.06,67.37,66.59,39.95,23.91,10.89
26.55,71.75,92.66,50.68,31.62,12.30
31.68,87.07,101.42,54.93,35.48,13.18
27.48,77.59,89.15,51.23,31.43,12.47
28.65,78.80,103.61,57.52,36.44,12.47
36.80,92.42,121.13,64.92,39.53,13.88
43.79,108.23,145.67,77.68,48.78,16.16
46.35,119.66,162.97,81.19,54.37,17.57
34.70,94.37,100.98,59.37,37.21,14.93
31.91,91.69,85.65,51.42,30.08,15.11
33.31,102.88,96.82,61.77,34.71,17.74
38.43,116.01,97.48,65.84,39.14,21.96
29.35,90.72,78.20,47.90,29.12,15.11
25.85,74.18,72.94,44.39,26.03,12.12
22.36,63.97,72.94,44.76,27.19,10.89
33.77,89.75,107.77,61.22,41.07,15.81
36.10,105.80,102.73,61.77,34.71,15.28
34.47,90.48,104.92,63.44,39.53,14.76
37.97,104.10,123.32,66.21,42.03,15.28
33.31,88.77,89.15,54.56,35.09,14.76
35.40,86.59,95.51,61.77,37.60,14.23
46.58,103.85,125.30,83.97,51.67,15.99
59.16,125.26,170.20,99.32,68.84,19.32
50.08,118.69,136.69,79.71,53.80,17.39
37.50,100.69,107.55,66.21,40.30,15.99
41.93,111.64,127.92,79.34,45.31,16.86
42.16,107.50,123.32,76.39,43.96,16.34
39.83,102.39,128.36,73.24,42.23,14.58
50.31,125.01,166.04,95.99,58.04,17.92
39.60,103.61,125.30,77.50,43.58,15.11
45.88,107.02,134.71,86.74,47.63,16.51
63.12,151.52,219.71,118.37,75.39,21.96
62.42,159.79,226.93,116.52,72.50,22.31
56.13,140.82,171.51,99.87,55.72,18.80
33.54,94.61,81.27,55.67,27.19,13.88
22.36,72.72,54.32,36.99,19.47,13.18
19.33,69.56,42.71,30.52,15.62,14.05
14.44,54.24,31.32,22.38,11.57,10.89
11.88,42.81,25.19,18.68,9.83,9.13
12.81,45.00,29.13,21.27,11.18,9.84
15.84,58.86,37.02,26.82,13.69,12.12
17.47,57.64,38.11,27.19,14.08,11.24
15.14,50.35,35.49,24.78,13.50,8.96
15.61,44.75,36.14,25.15,14.27,8.61
16.77,51.32,41.18,28.85,15.43,10.01
16.77,51.08,36.80,25.15,13.30,8.96
13.04,41.83,29.57,21.08,10.99,8.08
12.81,43.78,28.04,20.34,10.80,8.96
13.28,43.78,27.60,19.97,10.60,9.13
12.34,40.13,26.07,19.24,10.22,8.61
11.65,38.43,25.63,18.87,10.41,8.26
12.34,43.29,27.38,20.71,10.80,9.49
14.91,54.24,33.30,25.15,13.11,11.95
15.14,54.72,34.17,25.15,12.92,11.95
15.61,54.97,37.24,26.63,13.88,11.59
14.67,53.51,35.05,27.00,12.53,11.07
12.81,42.56,30.67,24.04,11.57,9.84
11.65,35.27,32.64,23.12,11.76,7.91
11.18,34.54,31.32,21.82,11.38,7.73
11.41,35.75,28.70,21.64,11.18,8.78
12.81,39.40,28.48,23.30,11.57,10.36
11.65,41.10,28.04,22.38,10.03,8.78
12.11,44.02,28.04,23.49,10.03,9.66
14.67,50.83,30.67,27.74,11.95,13.35
17.24,56.18,32.42,29.78,12.73,14.58
16.54,54.48,33.30,28.30,12.92,12.82
17.24,54.72,34.17,29.04,13.69,13.88
15.84,52.05,29.35,26.26,11.38,12.82
13.98,47.43,29.13,24.97,11.18,11.24
15.61,47.18,32.64,27.00,13.11,11.42
13.98,45.24,28.91,24.04,11.18,11.07
14.67,44.75,28.48,24.41,11.57,11.42
15.61,48.16,30.67,26.26,12.73,12.30
15.84,51.81,33.30,27.37,12.92,10.89
16.54,52.05,32.64,27.56,13.30,13.00
19.10,53.26,32.20,28.30,14.85,15.46
18.63,57.16,35.49,28.85,15.04,13.35
17.24,52.05,35.49,28.11,14.27,11.77
18.40,52.29,32.42,26.82,14.08,13.70
20.26,53.02,30.89,27.93,15.23,18.97
19.10,52.05,30.23,27.37,14.65,16.34
18.17,53.02,31.98,28.30,14.08,15.63
17.47,50.83,28.48,25.71,13.11,15.63
17.47,52.54,29.13,26.08,13.11,15.81
14.91,50.35,28.26,25.52,10.99,14.05
14.44,47.67,25.19,22.19,10.41,14.05
14.21,44.75,23.66,20.71,10.03,14.23
12.81,48.64,25.19,22.56,9.45,12.12
13.98,47.43,25.63,22.75,10.60,13.70
14.44,44.75,24.10,21.08,10.22,13.70
13.51,45.97,24.31,22.01,9.64,12.82
13.98,46.45,25.19,23.30,10.60,13.88
15.37,47.91,23.44,22.56,10.22,15.46
13.98,47.18,24.10,23.12,9.83,13.88
13.74,46.70,24.75,23.49,10.22,14.40
14.67,47.18,23.22,21.27,9.83,14.58
13.28,46.21,23.66,21.45,9.45,12.30
13.51,48.16,26.07,23.30,10.60,13.70
15.37,49.13,25.85,23.30,10.60,14.40
12.11,45.24,25.63,22.01,9.26,11.07
15.61,50.59,28.26,25.34,11.57,14.58
15.14,49.86,26.72,22.93,10.99,12.82
13.98,47.43,31.32,26.08,11.95,10.19
14.44,46.70,33.51,26.63,12.73,9.31
16.30,50.35,31.10,26.08,12.73,11.42
17.00,53.02,35.05,28.67,14.65,13.35
19.57,56.91,42.93,32.55,17.93,13.00
17.93,51.81,38.99,29.41,15.62,11.42
15.61,48.16,30.23,24.60,12.53,11.77
17.00,48.89,30.01,26.45,13.88,14.40
18.87,52.29,34.17,29.41,16.20,14.93
17.93,51.81,33.51,27.93,14.46,12.65
15.37,45.48,33.30,27.19,13.50,10.36
15.14,48.16,31.98,26.63,12.34,10.01
12.34,39.64,31.98,23.67,12.15,7.73
12.81,37.70,30.89,24.41,11.95,8.61
16.54,49.37,31.32,28.67,12.92,13.88
16.07,47.91,29.57,26.08,12.92,13.53
15.84,46.70,26.94,23.67,11.57,13.35
18.63,51.56,29.79,27.74,14.08,16.69
17.93,53.02,30.45,28.30,13.50,14.93
17.24,50.10,31.98,27.93,14.27,13.70
18.63,52.29,33.08,28.85,15.23,16.16
18.40,55.70,34.17,29.22,14.85,13.53
17.00,52.05,36.36,28.67,14.85,12.47
17.47,51.32,34.39,28.30,15.23,13.70
19.57,57.40,37.46,30.52,16.39,15.81
19.10,54.72,42.50,31.44,16.97,12.82
17.70,53.75,41.40,30.52,16.00,11.95
17.47,52.05,38.33,29.59,16.00,13.00
17.47,52.29,37.46,29.41,15.62,12.82
18.63,55.21,46.44,33.48,18.12,12.65
19.80,55.94,47.75,32.92,18.51,12.65
19.57,58.37,51.26,34.22,18.90,12.30
19.57,56.67,47.10,32.74,18.32,12.65
18.40,53.99,41.18,29.96,17.16,11.95
18.40,51.56,44.47,32.55,18.51,11.24
19.80,54.48,44.47,32.74,18.70,12.47
17.47,47.91,53.89,35.88,21.21,9.13
20.03,42.81,55.86,35.14,22.17,7.55
22.36,45.24,61.55,40.32,24.10,8.08
18.63,48.89,46.22,32.18,17.35,9.84
18.40,52.05,37.24,30.33,16.00,11.42
15.37,44.02,33.51,26.26,13.88,9.66
14.67,35.27,35.27,25.34,14.46,7.20
16.54,40.86,39.65,29.22,15.81,8.26
16.77,46.70,37.68,28.85,15.62,10.01
16.77,48.16,39.87,29.41,15.81,8.78
18.40,43.29,51.04,37.36,19.28,7.91
19.10,49.62,47.75,34.96,19.47,8.96
23.52,55.21,59.80,41.61,23.91,10.36
23.52,57.89,56.73,39.02,23.72,11.59
20.96,52.29,45.78,34.40,20.82,11.59
17.24,48.64,35.49,28.48,15.62,11.59
16.30,47.67,29.57,25.15,12.92,13.18
17.24,48.16,31.32,26.82,13.69,13.88
16.77,50.10,40.74,30.15,15.81,11.42
17.00,50.83,40.09,29.04,15.04,11.42
21.20,57.16,56.51,36.44,21.40,13.53
22.36,59.83,61.11,37.55,23.14,13.35
19.33,55.45,51.91,33.48,18.90,11.07
19.33,53.51,55.86,34.22,19.86,9.49
18.63,54.97,47.10,32.18,18.12,10.89
17.93,49.37,44.90,31.81,18.90,10.36
24.69,53.02,81.05,47.72,30.27,8.78
21.20,49.13,51.70,32.37,17.93,8.08
17.00,46.21,36.14,27.74,15.04,9.84
18.17,41.10,48.19,32.74,18.70,7.38
17.70,40.37,44.25,30.89,17.74,7.91
17.00,48.16,40.52,29.78,16.58,11.24
18.87,52.54,49.07,32.74,19.47,11.24
23.52,52.78,72.51,42.91,26.99,8.78
18.87,47.43,43.37,28.85,16.97,9.13
18.40,50.35,40.74,30.52,17.35,11.07
14.67,42.32,32.64,24.97,12.34,8.96
15.14,41.83,26.29,23.30,12.73,12.82
15.14,39.89,24.97,22.19,13.11,13.00
15.61,40.37,28.70,24.23,14.27,12.30
16.07,41.35,28.04,24.23,14.46,13.53
15.61,40.86,23.88,21.64,12.53,13.18
13.28,38.43,22.78,20.34,10.41,11.95
12.11,38.67,21.25,18.87,9.45,11.42
11.88,34.78,19.50,16.83,9.06,11.59
11.41,34.78,19.28,17.57,8.48,10.89
10.48,36.00,19.71,17.76,8.29,10.36
11.18,35.51,18.40,16.83,8.10,10.54
10.95,34.05,19.28,17.20,8.10,10.19
10.95,36.24,20.15,18.13,8.68,10.36
11.88,34.78,19.93,17.76,8.87,10.72
12.11,38.19,22.56,19.97,9.83,10.19
12.58,37.21,23.88,21.08,10.60,10.36
13.74,37.70,24.10,20.90,11.38,11.24
13.51,38.91,29.35,22.75,11.57,8.96
14.44,40.37,30.89,24.41,13.11,10.36
14.91,43.29,30.67,24.23,13.11,10.36
16.30,38.43,39.87,29.04,16.00,7.91
14.21,39.89,32.86,24.78,13.69,8.96
16.30,44.75,38.99,27.74,16.00,9.31
17.47,41.83,44.03,29.78,17.35,8.43
15.37,40.62,34.17,25.52,14.85,9.66
17.24,43.54,50.38,33.29,19.28,8.08
20.73,46.21,55.20,35.51,20.63,8.26
17.24,43.29,42.71,29.04,16.97,9.13
19.57,44.51,57.17,36.81,21.60,8.43
22.36,51.81,67.03,40.69,21.40,7.91
17.93,45.00,44.90,30.33,17.93,8.96
19.57,45.72,52.79,34.59,21.60,8.26
28.18,60.07,88.71,51.05,31.24,8.96
22.36,50.35,63.74,39.95,24.68,8.61
17.70,41.59,43.59,30.70,19.47,8.61
23.06,44.75,72.94,44.02,30.27,8.08
23.76,55.70,65.28,35.33,21.40,8.26
18.40,48.89,58.27,33.85,19.47,8.61
17.70,45.72,48.63,29.59,17.16,7.91
22.36,52.29,68.12,40.69,22.56,8.61
19.33,47.43,53.67,34.96,17.55,7.55
14.67,41.35,38.33,27.19,14.65,8.08
15.84,41.35,41.40,28.48,15.43,8.26
18.63,43.54,53.23,34.22,21.40,8.78
20.50,45.24,56.95,35.33,21.02,8.08
17.24,41.59,46.66,28.48,15.81,7.38
15.14,40.37,38.77,26.82,15.43,8.61
14.21,39.64,33.51,24.04,13.30,8.61
14.91,39.16,34.39,25.89,14.46,9.49
15.61,41.83,36.36,25.89,14.85,9.84
16.77,43.05,47.97,29.41,17.16,8.26
17.00,38.67,47.10,30.52,17.93,7.73
16.54,39.89,41.40,28.67,16.58,7.91
15.61,38.91,37.46,26.08,16.00,8.96
17.24,42.81,44.25,29.78,18.32,8.43
19.10,41.59,47.10,32.74,19.47,7.91
20.73,43.78,54.76,33.29,22.37,7.73
20.73,43.54,46.44,31.63,21.21,8.78
19.80,42.08,56.30,39.21,24.49,8.43
25.85,49.62,84.77,50.49,35.29,8.61
52.17,110.66,159.69,77.50,54.76,14.23
34.94,67.86,95.72,56.60,38.37,10.01
24.22,48.40,60.68,36.81,25.84,7.91
17.70,37.70,39.43,27.00,16.97,6.85
15.37,36.97,35.27,24.78,15.04,7.91
16.54,37.94,38.33,26.82,17.35,8.61
18.17,41.83,59.80,36.81,24.10,7.91
22.83,43.78,44.03,33.11,19.28,8.26
14.67,33.08,24.97,19.79,11.95,8.43
13.28,30.65,23.44,18.68,11.38,8.43
13.28,32.35,26.07,20.53,12.34,8.08
12.11,28.94,23.44,19.24,11.57,8.26
11.88,28.21,21.03,17.20,11.18,8.78
12.11,29.43,24.10,19.05,12.15,8.08
12.34,28.94,25.19,19.42,11.76,6.85
12.11,27.97,30.23,20.53,14.27,6.15
14.21,30.16,28.48,21.64,13.88,7.55
13.51,30.65,24.75,19.42,12.15,8.08
13.74,31.13,25.41,19.79,12.73,8.96
14.91,33.56,28.48,21.45,14.27,8.26
15.61,33.32,30.67,22.56,15.23,7.73
16.54,35.02,31.98,23.49,14.85,7.91
13.98,32.35,26.07,20.16,12.15,7.91
12.81,30.40,25.63,19.97,11.38,7.55
12.34,29.67,23.66,19.24,11.38,7.91
12.34,31.13,24.53,19.05,11.95,7.73
12.34,28.21,22.12,17.76,11.76,8.78
13.74,31.62,27.82,21.64,12.92,7.73
14.67,32.83,31.10,23.30,14.46,8.26
13.51,29.92,25.19,19.42,12.53,8.08
13.98,31.62,26.72,20.34,12.92,8.26
13.51,31.86,23.22,18.68,11.57,8.26
12.58,27.24,21.25,17.02,11.57,8.61
13.74,30.89,26.50,20.53,12.73,8.08
13.74,29.43,26.29,19.60,13.50,8.26
13.51,29.19,28.26,19.24,14.85,7.55
14.91,31.38,29.35,20.71,15.43,8.61
12.81,27.97,23.00,17.39,12.53,8.08
12.11,26.02,22.12,16.83,12.34,8.08
12.58,26.75,21.47,17.02,12.15,8.08
11.41,22.62,17.52,14.24,10.99,8.08
10.95,21.65,16.65,13.32,10.80,8.08
11.18,23.59,17.74,14.80,10.03,8.43
10.25,22.62,15.33,13.50,8.68,8.26
10.25,23.11,15.99,14.24,8.29,8.08
8.85,22.38,14.90,12.58,7.33,7.38
9.08,21.65,14.24,12.21,7.13,7.55
9.08,22.38,15.55,13.32,7.71,7.38
9.78,24.81,16.87,14.80,7.91,7.73
10.25,24.57,16.43,14.80,8.29,8.26
10.48,24.08,17.09,14.61,9.26,8.08
11.41,27.73,20.37,17.39,9.64,7.91
10.02,25.78,17.96,15.72,8.29,7.55
9.78,25.54,16.65,14.43,7.71,7.55
9.78,26.27,18.84,15.72,8.68,7.20
10.95,28.94,21.90,17.76,9.45,7.03
11.18,27.73,17.96,15.72,8.29,8.26
10.95,25.54,18.18,15.72,9.45,8.43
9.78,28.21,23.22,18.50,9.06,6.32
10.95,28.46,23.44,18.50,9.45,6.68
10.71,28.21,22.12,17.57,9.83,7.38
12.11,31.62,28.48,21.08,12.53,7.73
20.26,45.97,68.34,40.87,25.45,7.91
16.30,38.91,42.93,27.00,17.74,7.20
14.91,36.97,40.96,26.26,17.16,8.08
37.27,88.29,170.64,83.60,54.18,15.99
40.76,91.69,109.74,59.37,37.98,10.36
18.63,41.35,48.85,30.52,20.82,8.08
20.50,47.18,71.85,40.69,27.77,8.26
17.93,37.46,38.33,27.19,16.77,7.73
13.51,31.86,24.53,19.79,11.95,8.43
12.81,31.62,24.53,19.60,10.99,7.91
11.65,31.38,22.78,18.68,9.06,7.20
10.02,28.21,18.40,15.91,8.10,7.91
9.78,27.48,18.18,15.35,7.52,7.73
8.85,27.48,19.50,16.28,7.33,6.15
10.25,28.21,18.40,15.91,8.29,8.43
10.48,27.97,18.40,15.91,8.29,8.43
9.55,30.16,19.93,17.02,7.71,6.85
10.95,30.16,20.37,17.94,9.64,9.13
11.65,29.43,19.93,17.20,9.45,9.13
11.88,31.62,22.56,18.68,9.45,8.08
11.41,31.86,21.90,18.31,9.06,7.73
11.65,30.65,20.59,17.94,9.83,9.31
12.11,32.10,21.47,18.87,9.45,8.61
10.02,27.48,22.34,17.76,9.45,6.85
10.48,29.67,21.69,18.68,9.26,7.73
11.65,30.89,22.56,19.42,10.41,8.43
9.78,27.73,22.78,18.13,9.06,6.50
9.78,29.67,22.78,18.31,8.68,6.68
10.48,32.35,22.56,18.87,9.06,7.91
11.41,32.10,22.12,19.24,9.64,8.26
9.55,30.40,20.81,17.57,8.10,7.03
9.78,31.13,21.03,17.57,8.48,7.73
11.41,31.86,23.00,19.05,10.22,8.61
11.18,32.59,24.97,19.97,9.64,7.38
11.88,33.81,28.04,20.34,10.41,7.38
13.04,35.75,29.13,22.56,12.34,8.26
13.98,35.27,27.38,21.82,12.92,9.49
14.21,36.97,33.95,25.15,13.88,8.43
14.67,39.64,38.11,26.82,14.65,7.73
14.91,38.43,29.79,23.30,14.27,10.54
14.21,37.21,28.26,22.75,12.73,10.01
14.91,38.19,31.76,23.49,13.50,8.96
15.14,39.16,31.76,24.60,14.65,9.66
14.91,40.62,29.79,23.67,13.69,10.01
14.44,36.97,28.48,22.93,12.73,9.31
13.98,36.97,27.82,22.19,11.95,8.78
14.91,38.43,29.35,23.67,12.73,8.96
15.37,38.91,30.01,23.86,13.30,8.96
14.21,37.94,27.38,22.56,12.15,9.66
15.14,38.91,28.26,23.30,12.73,10.01
16.54,41.10,29.79,24.04,14.27,11.07
17.70,42.81,35.05,27.56,16.39,9.66
16.07,41.10,33.30,26.08,14.65,9.66
14.44,40.62,30.45,24.60,13.69,10.89
15.37,41.59,33.08,25.71,14.46,10.19
15.61,38.91,42.93,28.11,16.97,7.73
13.98,39.40,32.42,24.23,13.30,9.13
13.51,39.64,30.23,23.86,12.53,9.49
12.34,36.00,28.91,22.75,11.76,8.43
12.11,38.67,29.13,22.75,11.57,8.61
13.04,37.94,30.23,22.75,12.53,8.61
10.25,30.65,28.91,19.42,10.41,6.85
11.88,36.97,29.57,22.75,11.95,8.43
11.41,34.78,27.16,20.71,10.80,7.73
10.25,33.56,28.70,19.79,10.03,7.03
11.18,36.24,27.60,21.08,10.41,7.91
11.88,36.73,28.04,22.19,11.76,8.61
10.48,33.56,27.82,19.79,9.64,6.68
12.58,36.73,35.92,23.86,12.34,7.03
11.88,37.70,27.82,21.82,11.18,8.43
10.95,33.32,26.07,19.24,10.99,7.55
9.55,30.65,24.53,17.39,10.41,6.85
10.95,34.78,28.04,21.08,11.57,7.91
12.34,37.21,29.13,22.56,12.34,8.61
10.48,31.62,26.07,18.31,10.99,7.20
10.95,34.54,30.89,20.90,11.38,7.55
13.51,43.54,32.86,24.41,13.30,9.31
14.44,43.29,33.51,25.52,13.88,9.84
13.28,41.35,35.05,23.86,13.30,8.26
14.91,46.94,37.46,25.34,13.88,9.49
15.37,46.21,35.05,26.63,14.46,10.89
15.84,45.97,43.37,26.45,16.58,10.01
17.24,50.83,47.10,29.04,17.93,10.01
18.63,49.86,42.71,30.89,19.09,12.65
17.70,50.35,42.50,28.67,18.12,10.72
17.70,51.32,43.59,29.22,16.77,10.54
16.77,49.86,37.90,28.11,15.62,11.59
15.61,51.08,38.55,26.82,14.65,9.84
17.24,52.05,41.18,29.04,16.20,11.24
15.14,47.43,37.24,26.45,15.04,9.49
13.98,44.75,33.30,23.49,12.73,8.96
16.30,53.26,41.40,28.11,15.23,10.36
16.77,49.13,41.18,28.48,16.20,10.89
16.30,49.37,38.77,27.37,15.43,10.01
16.07,50.35,42.28,28.30,15.43,10.36
17.24,50.10,40.52,29.41,17.35,11.77
17.24,49.13,38.99,28.48,17.16,11.59
16.54,49.62,39.43,28.48,16.20,10.89
17.93,51.32,43.81,31.44,18.70,11.77
18.87,46.94,42.28,29.04,19.67,11.42
18.87,51.08,42.06,31.44,18.70,11.95
17.00,52.54,39.87,29.78,16.00,11.95
17.24,51.56,40.96,29.96,17.35,11.95
18.40,51.81,41.40,32.18,17.93,12.47
15.61,47.18,41.40,27.74,16.97,9.66
18.40,55.70,45.12,30.70,17.55,11.77
18.87,52.29,41.84,32.92,18.12,13.88
15.84,46.70,36.58,28.30,15.62,10.89
16.54,47.91,37.24,29.78,16.00,12.12
17.47,49.13,37.90,30.33,17.16,12.65
13.74,41.10,32.42,24.23,13.50,9.49
11.88,40.37,31.98,22.93,12.34,8.61
13.98,44.27,37.02,27.37,15.04,10.01
14.91,42.56,35.70,25.71,15.23,9.84
11.88,37.94,32.42,22.19,12.73,8.08
13.74,43.05,39.87,26.63,15.23,8.96
15.84,48.40,39.21,28.30,16.58,10.54
13.51,41.59,34.61,23.86,14.27,8.96
12.34,39.89,36.14,22.38,13.69,7.55
13.98,45.00,40.96,26.45,15.04,8.78
15.14,48.40,38.55,27.74,16.00,10.19
12.11,38.43,32.64,21.64,13.11,8.08
11.88,39.16,34.17,21.64,12.73,7.38
13.28,43.54,36.58,25.34,13.69,8.96
14.91,47.67,37.24,27.74,14.65,10.54
31.44,66.88,51.48,41.61,22.17,15.63
23.76,67.86,46.44,37.92,14.65,10.19
10.71,34.54,25.19,19.05,9.83,7.73
10.71,33.56,25.19,18.87,9.83,7.55
10.71,33.81,25.19,18.87,9.83,7.55
10.71,33.56,24.75,18.68,9.64,7.55
10.71,34.29,24.10,18.31,9.64,7.55
10.71,32.83,24.10,18.31,9.64,7.55
10.48,34.05,23.88,18.13,9.45,7.55
10.48,32.59,23.66,17.94,9.45,7.55
10.48,32.59,23.66,17.94,9.45,7.55
10.48,32.59,23.88,18.13,9.45,7.38
10.48,32.59,24.31,18.13,9.45,7.38
10.48,33.08,24.53,18.31,9.45,7.38
10.48,33.08,24.75,18.50,9.64,7.38
10.48,34.05,24.75,18.68,9.45,7.38
10.48,32.83,24.53,18.50,9.45,7.38
10.48,32.59,24.53,18.31,9.45,7.38
10.48,34.54,24.97,18.87,9.64,7.38
10.71,33.56,25.41,18.87,9.83,7.55
10.71,33.81,24.97,18.87,9.64,7.55
10.71,33.81,24.10,18.31,9.64,7.73
10.25,32.10,23.44,17.94,9.45,7.38
9.78,31.13,22.78,17.39,9.26,7.38
10.02,32.83,23.22,17.57,9.26,7.20
9.78,32.59,22.56,17.39,9.06,7.20
9.78,30.89,22.78,17.20,9.06,7.20
10.48,39.89,24.75,18.87,9.26,8.61
10.02,33.56,20.15,16.09,8.48,7.91
8.39,26.51,19.71,15.54,8.29,7.20
11.18,38.43,24.75,19.05,9.64,9.31
8.85,30.40,19.93,15.35,8.29,7.38
7.69,24.57,18.40,14.24,7.71,6.50
8.85,32.83,21.90,17.20,8.48,7.55
8.85,33.56,22.34,16.83,8.68,7.73
9.78,37.21,27.38,20.16,9.64,8.78
12.81,48.40,33.30,24.04,12.53,12.12
13.98,49.13,33.95,24.23,12.53,11.42
11.18,38.91,30.67,21.64,10.41,7.38
10.71,37.46,27.82,20.53,10.41,9.49
12.34,42.56,27.38,20.53,11.18,11.77
9.55,31.38,23.66,17.39,9.06,7.38
8.39,27.00,21.25,15.54,8.29,6.50
8.85,28.94,23.22,17.20,9.26,7.91
9.78,28.94,23.88,16.83,9.06,7.38
9.08,27.00,23.44,17.20,8.29,5.97
8.62,24.81,20.59,15.72,8.10,6.15
9.08,27.24,22.12,16.46,8.68,7.20
9.32,27.24,22.34,16.28,8.29,6.50
8.85,26.51,21.03,15.72,7.71,5.80
8.39,25.05,21.03,16.09,8.29,7.03
10.25,33.08,23.88,17.94,10.03,10.01
9.08,29.92,23.66,17.20,8.68,6.68
8.39,27.73,21.69,16.28,8.29,6.68
10.95,36.48,26.29,19.97,10.99,11.42
12.11,42.81,30.01,21.82,11.76,10.89
10.71,36.00,28.04,20.53,10.22,7.91
9.78,32.35,26.50,18.68,9.83,8.43
12.58,45.00,33.30,23.12,12.53,11.42
11.41,40.37,32.42,22.38,11.18,8.43
11.18,36.73,35.70,24.78,11.76,7.91
11.88,41.59,33.95,23.67,11.95,10.54
11.88,42.56,32.42,22.75,11.95,10.36
11.41,41.10,29.57,21.08,10.99,10.19
8.62,28.94,21.90,15.54,8.29,6.85
7.92,26.02,21.47,15.54,8.29,6.68
9.08,32.59,25.41,18.87,9.06,7.55
8.39,30.16,23.66,17.57,8.29,7.03
8.15,25.78,20.81,15.17,8.10,6.50
7.92,24.32,20.37,15.17,8.10,6.32
8.39,24.57,19.93,14.98,8.29,7.73
8.85,27.97,20.15,15.35,8.48,9.31
7.92,22.86,18.84,14.06,7.71,7.03
8.39,25.78,19.06,16.09,8.10,14.05
9.55,33.08,22.56,17.02,9.45,12.30
8.39,27.97,20.15,15.35,8.48,8.43
8.39,25.78,20.81,16.09,9.06,8.96
13.51,40.13,28.26,28.30,12.73,26.53
21.66,54.72,37.46,40.50,15.62,35.13
15.37,61.53,35.92,29.22,15.04,22.13
12.58,48.16,28.91,22.19,12.53,14.76
9.08,32.35,19.28,15.35,8.87,11.24
8.15,26.27,17.74,14.43,8.68,11.59
9.32,34.78,20.81,17.57,10.22,14.76
10.02,37.94,20.81,17.76,10.41,17.22
8.62,29.67,17.30,14.61,8.87,14.40
8.62,28.21,18.18,15.54,9.45,15.63
9.32,36.00,20.15,17.39,10.03,15.46
9.08,32.35,18.62,15.91,9.64,15.99
7.92,26.02,16.65,14.06,8.48,11.95
8.85,32.35,19.50,16.65,9.83,15.28
9.78,29.67,17.74,16.65,9.64,17.92
8.15,22.62,16.43,14.80,8.68,15.28
9.78,31.13,19.71,18.13,10.03,19.50
12.11,32.10,20.59,21.08,11.18,22.49
12.11,24.81,18.84,18.87,10.41,20.73
14.67,31.62,23.66,25.15,11.76,25.65
10.71,44.27,24.97,20.34,11.18,13.88
8.62,34.78,21.25,17.94,9.83,12.12
10.25,41.10,24.10,20.53,11.57,24.42
10.71,36.00,21.25,17.57,12.73,26.70
8.39,32.83,20.59,17.39,9.45,14.40
10.71,42.56,25.63,22.19,11.95,24.59
8.85,36.97,22.12,17.76,9.83,11.59
8.62,33.56,20.59,17.20,9.64,11.95
9.55,37.21,22.78,18.87,10.80,14.23
8.15,31.38,18.84,15.54,8.48,9.84
7.45,25.78,17.96,14.98,8.87,10.54
9.08,32.35,20.37,17.20,10.03,16.16
7.22,25.05,17.52,14.06,8.29,8.78
7.22,22.86,17.52,14.24,8.48,9.84
8.39,29.19,19.28,15.72,9.26,14.23
6.99,21.89,17.30,13.69,8.10,8.08
7.22,21.89,17.30,13.69,8.10,10.01
7.45,23.35,17.74,14.06,8.10,8.61
7.22,20.43,18.40,13.50,7.71,6.85
9.08,27.97,28.04,18.87,10.60,9.13
9.32,28.46,25.19,17.39,10.03,8.43
8.62,25.78,25.41,17.02,9.64,7.03
9.55,29.19,28.04,18.31,10.22,7.38
8.62,25.05,24.75,16.28,9.45,6.85
8.85,27.00,26.50,17.76,10.22,7.73
9.78,34.54,30.23,20.16,10.80,9.49
9.08,33.08,27.38,19.24,10.60,10.19
9.55,34.05,28.04,20.16,10.99,10.89
8.62,28.46,24.75,17.39,9.83,8.26
8.85,28.94,27.16,18.31,10.22,8.61
12.58,42.81,38.55,25.52,14.65,13.18
13.51,46.21,41.62,27.74,15.62,13.88
10.95,37.70,31.32,21.82,12.34,12.12
8.85,27.73,25.41,17.39,10.03,8.61
9.55,29.19,28.91,19.24,11.18,9.84
11.18,36.00,32.86,21.64,11.95,11.24
11.65,35.51,33.73,21.45,12.15,8.61
10.02,30.16,27.82,18.68,10.80,9.84
10.48,31.86,28.26,19.24,11.38,10.89
9.32,28.70,27.16,18.13,10.22,7.38
9.08,26.51,24.75,17.02,9.45,7.73
10.02,29.19,26.94,18.13,10.60,10.19
11.88,32.83,33.95,21.64,12.34,8.61
12.34,34.29,35.70,22.56,12.34,7.55
10.95,32.83,31.76,20.34,11.18,7.38
10.25,33.56,31.32,20.53,11.57,10.19
12.34,40.62,39.87,25.52,14.27,12.12
13.98,44.51,51.04,34.03,15.81,9.84
15.37,45.24,52.13,31.63,16.00,9.31
18.63,53.51,60.90,36.07,18.90,10.72
18.87,57.40,58.70,33.85,19.67,14.40
13.98,46.21,45.12,28.67,16.39,13.70
10.71,33.32,29.79,19.79,11.18,9.13
7.69,24.81,22.34,16.09,9.26,8.78
9.08,32.59,26.94,19.60,11.38,12.12
9.08,32.83,24.97,18.50,10.80,12.47
7.22,24.08,20.59,15.17,8.48,8.26
7.92,27.00,24.53,18.31,10.22,10.89
11.41,40.37,35.27,25.52,14.27,14.93
10.48,38.43,30.45,23.12,13.11,15.28
8.15,29.43,22.12,17.39,9.83,12.30
7.45,25.29,21.69,16.65,9.45,10.89
8.39,31.38,26.29,18.68,10.22,10.01
7.45,27.00,23.00,17.39,9.06,9.49
6.75,21.16,19.71,14.61,8.48,7.73
7.92,26.51,25.85,18.31,9.83,10.01
7.92,29.19,24.53,17.20,9.83,9.49
7.69,25.78,22.56,16.46,9.26,8.26
6.99,21.16,20.37,14.61,8.68,7.38
7.92,24.57,23.66,16.65,9.45,7.73
7.45,22.13,21.47,14.98,8.68,7.38
8.39,25.78,25.85,17.39,9.83,8.26
9.32,29.19,28.04,18.50,10.60,8.08
7.92,24.81,22.78,15.54,9.06,7.38
7.69,25.05,24.53,17.02,9.83,8.61
9.55,30.16,29.35,19.79,10.99,8.78
7.92,25.29,22.78,15.91,9.06,7.91
7.22,22.38,21.47,15.35,8.87,8.78
8.62,29.67,24.75,18.50,10.99,19.67
7.69,26.02,22.34,16.65,10.03,13.18
6.99,23.11,19.28,15.17,8.87,16.16
10.48,23.84,20.81,21.64,9.45,21.26
8.85,32.35,25.19,19.42,11.57,21.78
8.62,30.40,23.66,18.13,11.38,18.45
7.92,27.73,23.00,17.94,11.18,18.97
10.02,36.73,31.76,22.75,13.69,15.28
9.08,29.67,25.41,18.50,11.18,12.82
9.78,31.62,32.86,22.38,12.92,12.47
12.11,40.37,37.68,24.41,14.27,13.00
9.08,29.19,25.41,17.94,10.60,11.24
9.32,30.65,31.54,21.64,12.15,11.95
12.34,40.86,38.33,25.15,14.85,13.18
8.85,30.89,26.50,19.05,11.38,13.00
7.45,23.84,23.44,16.65,9.83,9.49
11.65,37.46,38.55,25.71,14.85,13.88
10.48,35.51,32.86,22.56,12.73,12.47
8.62,28.94,26.94,18.87,10.41,8.78
12.34,38.91,43.81,27.74,14.46,10.36
10.48,35.02,31.76,21.08,11.57,10.01
8.39,27.73,25.41,17.76,10.03,8.26
10.95,36.48,36.36,23.30,12.73,9.13
9.55,33.81,30.01,19.97,11.38,10.01
8.62,30.89,27.60,19.79,11.95,13.53
8.85,33.32,30.01,21.08,12.53,12.65
12.34,41.10,42.28,27.00,14.46,10.36
12.11,41.10,37.68,25.34,14.08,13.00
10.48,37.70,35.05,24.23,14.27,13.88
12.81,42.56,42.93,27.37,14.85,11.77
10.95,36.24,37.02,24.97,12.92,10.89
10.71,36.48,34.39,23.67,14.08,13.88
10.95,37.21,36.36,24.60,14.65,14.05
10.02,32.83,30.23,19.79,11.38,9.13
10.02,31.86,32.86,22.01,12.73,12.30
10.02,36.48,32.86,23.67,14.27,14.58
9.78,34.05,30.23,20.90,12.53,13.70
8.62,27.97,27.82,18.87,11.18,10.01
12.11,39.40,38.99,25.52,15.23,13.70
10.02,36.00,31.98,21.82,12.92,13.35
10.95,34.05,37.24,23.12,13.69,10.54
16.30,49.37,53.67,32.18,19.09,14.05
11.18,37.46,33.95,22.75,13.50,12.65
9.78,31.13,30.45,20.71,11.95,10.72
14.44,45.97,49.29,30.33,16.58,12.12
13.74,43.78,39.43,25.89,14.65,12.12
10.48,33.81,30.89,21.45,11.95,10.19
13.28,41.59,44.47,28.30,14.85,11.59
13.04,42.81,37.02,24.60,13.69,11.77
8.85,28.70,24.53,17.02,9.83,8.08
8.15,26.02,24.97,17.20,9.64,7.73
10.71,34.54,32.64,23.67,11.57,9.49
8.62,27.73,23.00,16.46,9.45,8.08
7.22,22.62,20.15,14.98,8.48,7.55
9.32,30.65,29.79,20.90,11.18,9.84
11.88,41.10,34.83,23.49,12.73,10.54
9.08,29.67,25.85,17.57,9.83,7.55
8.39,26.75,24.10,17.02,9.45,7.91
10.71,35.02,30.23,21.08,11.57,10.89
10.48,34.54,31.10,20.16,10.99,7.91
8.85,28.21,24.75,17.02,9.45,7.73
11.41,37.70,33.51,22.93,12.53,11.95
13.51,44.51,39.43,24.97,13.50,10.01
10.02,32.59,26.94,18.31,10.60,9.31
11.41,39.16,30.01,21.64,12.34,14.05
11.41,39.89,30.67,21.27,11.76,11.24
8.62,28.46,24.10,17.02,9.45,7.91
10.25,34.54,27.60,19.24,10.99,11.42
11.18,38.91,30.67,20.90,11.76,10.36
9.78,30.65,26.07,17.57,9.83,7.38
7.69,23.59,20.15,14.06,8.29,6.50
8.15,24.08,20.37,14.61,8.48,9.31
8.62,27.24,22.12,15.72,9.26,8.43
7.69,24.32,20.37,14.61,8.29,7.03
7.45,22.13,20.59,14.43,8.10,6.50
7.92,25.29,23.44,15.35,8.68,6.15
8.15,24.08,23.22,15.72,8.29,5.97
7.22,20.92,20.59,14.24,8.10,6.32
8.39,25.05,23.00,15.35,8.68,7.91
10.25,29.43,31.10,18.68,10.22,7.91
9.32,27.48,25.85,16.65,9.06,6.32
9.08,25.05,22.34,15.17,8.87,9.13
9.32,26.27,27.16,17.02,9.64,7.73
10.48,31.62,32.42,20.34,10.41,6.50
9.32,26.75,27.16,17.57,9.45,6.68
10.95,30.89,30.23,18.87,10.99,9.31
12.11,34.29,32.20,20.34,11.57,9.66
9.55,29.19,26.72,17.39,9.45,6.68
10.02,28.21,26.07,17.20,9.83,9.49
12.81,36.48,37.24,22.75,12.73,10.36
17.93,50.83,53.01,30.15,15.81,9.49
10.95,32.10,30.67,19.42,10.41,7.20
11.65,32.59,28.70,18.50,10.80,10.36
13.28,37.70,35.70,22.01,12.53,10.01
10.48,30.89,27.82,18.31,9.64,7.73
10.25,30.40,24.97,17.57,9.64,9.49
11.65,35.27,26.29,19.42,10.99,11.77
12.58,36.97,24.10,22.19,10.80,16.86
10.02,32.35,20.81,16.09,8.87,10.19
7.69,26.51,17.96,14.06,6.94,7.55
7.45,23.84,15.99,12.76,6.94,7.73
6.99,19.46,14.68,12.02,6.75,7.38
7.22,22.86,15.11,12.58,6.56,7.55
7.69,21.89,14.90,12.02,7.13,8.61
7.45,20.92,14.90,11.84,6.56,7.55
7.22,24.32,15.55,12.58,6.75,8.08
7.92,21.65,15.33,12.21,7.13,8.26
7.69,25.54,16.65,13.32,6.75,7.73
8.15,24.81,16.21,12.76,6.94,8.26
7.22,21.40,15.99,12.21,6.56,7.20
7.69,25.05,17.52,13.32,6.75,7.38
6.99,21.65,15.77,12.02,6.36,6.68
6.06,19.70,14.90,11.28,5.78,4.92
3.73,11.19,11.17,8.69,4.24,2.64
4.19,12.65,12.92,9.62,4.63,2.99
4.89,14.84,13.80,10.54,5.21,3.51
4.66,14.59,14.68,10.36,5.01,2.81
4.43,13.13,12.27,9.43,4.82,3.16
4.19,13.38,12.27,9.43,5.01,3.69
5.82,18.73,16.21,12.21,6.17,4.74
7.22,23.59,16.87,13.32,6.94,7.03
6.75,21.40,16.43,12.58,6.56,5.62
7.69,24.81,20.81,15.54,7.33,6.85
8.15,25.78,18.84,14.06,7.13,7.03
7.22,21.40,17.30,12.58,6.75,6.32
8.85,28.21,21.03,14.98,7.71,8.26
7.69,22.86,18.62,13.32,6.94,5.62
6.52,20.43,18.40,12.76,6.56,4.57
7.69,24.57,20.59,14.61,6.94,5.09
7.45,23.35,20.15,14.06,6.94,4.74
7.45,24.32,20.37,14.61,6.75,4.74
7.22,22.86,19.71,13.69,6.75,4.74
6.99,24.08,18.84,13.69,6.36,4.74
6.29,21.40,16.21,11.84,5.98,4.39
6.06,19.21,15.11,11.47,5.59,4.39
6.06,22.13,15.33,11.84,5.59,5.09
6.06,20.43,13.80,10.91,5.59,5.62
5.59,17.75,13.14,10.17,5.59,5.27
5.59,19.21,13.36,10.54,5.21,5.09
5.82,17.75,12.70,9.80,5.59,5.62
5.59,17.03,12.92,9.80,5.59,5.27
6.29,20.92,14.24,10.73,5.78,5.62
6.06,20.19,13.36,10.17,5.78,5.62
5.59,16.30,12.05,9.06,5.40,5.09
5.36,16.30,12.49,9.62,5.40,5.09
5.59,18.97,13.14,9.99,5.21,4.92
5.36,17.51,12.27,9.62,5.40,5.09
5.36,15.81,11.83,9.25,5.40,4.92
5.82,18.73,13.36,10.36,5.78,5.45
6.06,21.16,14.46,11.28,5.98,5.80
7.22,24.08,17.52,12.76,6.56,6.50
7.69,25.54,18.84,13.50,6.75,5.62
6.75,21.65,17.09,12.02,6.36,5.09
7.92,24.08,19.93,13.87,7.13,5.27
7.22,22.62,19.06,13.32,6.75,4.74
7.45,22.62,19.28,13.32,6.75,4.57
7.22,21.65,17.52,12.58,6.36,4.57
6.06,17.75,13.58,10.36,5.59,4.74
5.59,16.54,13.14,9.99,5.59,4.22
5.36,15.32,12.05,9.06,5.40,4.22
5.36,15.57,11.83,9.43,5.59,4.57
5.82,17.03,12.49,9.99,5.98,7.73
5.59,16.05,12.27,9.43,5.78,5.27
5.82,17.27,12.70,9.99,6.17,6.15
7.45,20.92,13.80,11.84,6.94,11.59
6.52,19.94,13.14,10.36,6.36,7.03
6.06,18.97,13.14,10.36,6.36,7.20
8.15,25.05,15.55,12.95,7.91,13.88
7.69,24.32,14.46,11.84,7.13,9.13
6.99,23.59,14.46,11.65,6.94,8.96
8.62,27.48,16.65,13.32,7.91,11.24
6.75,23.11,15.11,11.47,6.56,7.20
6.99,21.65,15.55,11.65,6.75,7.38
8.15,25.54,17.74,13.69,8.10,9.84
6.99,23.84,15.11,11.65,6.56,7.55
6.29,19.70,14.24,11.10,6.56,7.55
8.15,25.78,17.30,13.69,8.29,11.07
7.69,25.54,17.52,13.32,7.33,8.26
6.52,21.16,15.77,12.39,6.36,6.50
6.99,21.16,16.43,12.21,7.13,7.73
7.69,25.05,18.40,13.69,7.52,7.91
6.75,21.65,16.65,12.39,6.56,6.15
6.75,20.43,16.87,12.58,7.13,7.20
7.69,24.32,19.50,14.06,7.52,7.73
7.45,23.84,20.59,14.06,7.33,5.62
7.69,24.08,21.47,14.80,7.71,6.15
8.62,27.48,23.22,16.09,8.29,7.03
7.92,26.02,22.12,14.80,7.71,5.62
6.75,21.16,18.18,12.76,6.94,5.62
7.45,22.62,19.50,13.87,7.91,7.38
7.92,24.81,20.81,14.61,7.91,6.85
6.52,21.16,17.74,12.95,6.75,5.62
6.75,20.43,17.52,12.95,7.52,7.55
7.45,23.59,19.06,13.87,7.71,7.91
6.52,20.92,17.09,12.76,7.13,7.20
7.22,22.13,18.40,13.87,7.91,9.31
7.22,23.59,18.40,13.50,7.71,8.43
6.99,22.38,18.62,13.69,7.13,6.85
7.92,24.08,20.59,15.35,8.48,9.49
8.39,27.00,22.12,15.35,8.87,9.31
7.22,24.57,18.84,14.24,7.52,7.73
6.52,20.92,16.65,12.76,7.52,8.43
7.22,23.35,17.74,14.24,7.91,8.78
6.29,19.94,15.33,12.39,6.75,7.38
6.52,21.16,17.52,13.50,7.33,7.38
7.92,25.78,21.69,15.91,8.48,8.43
7.45,24.08,20.15,14.61,8.29,8.43
8.15,25.29,21.90,15.91,8.87,10.36
9.55,29.67,29.57,20.16,10.80,9.49
7.69,24.32,20.59,15.72,8.48,7.38
6.52,19.70,18.18,13.87,7.52,7.03
7.69,24.81,23.00,16.46,9.26,8.61
7.69,23.84,20.59,14.80,8.68,8.43
6.29,19.46,17.30,12.58,7.13,6.32
7.22,23.59,21.47,15.35,8.29,7.73
7.69,24.57,21.47,15.35,8.68,8.26
6.52,19.70,17.52,12.95,7.33,6.68
6.99,21.40,21.47,15.91,7.91,7.03
8.39,26.75,25.85,17.39,9.45,7.38
7.69,24.32,22.56,16.46,8.87,7.55
7.92,25.05,26.07,17.57,9.45,7.73
8.15,25.78,23.66,16.65,8.87,7.20
6.52,19.46,18.62,14.06,7.52,6.68
7.22,23.84,23.44,16.09,9.06,7.55
7.22,23.11,22.56,16.09,8.48,7.03
5.82,18.24,17.09,12.58,6.94,5.62
7.45,23.59,24.53,17.20,8.68,6.85
6.29,21.16,18.40,13.87,7.13,6.32
5.12,15.57,15.33,11.28,6.17,5.09
6.75,21.40,22.56,16.09,8.10,6.32
7.22,23.11,22.12,15.72,8.10,6.50
6.52,19.46,20.15,13.87,7.33,5.45
8.62,25.78,29.79,19.05,10.03,6.32
13.51,40.86,45.12,27.74,14.27,8.43
10.25,29.92,28.04,17.76,9.64,6.15
7.45,22.62,23.22,15.54,8.29,5.62
9.32,27.48,30.89,21.08,9.64,6.68
6.29,20.19,19.06,14.06,7.33,6.50
4.89,15.57,14.02,10.54,6.17,5.27
5.59,17.75,16.43,12.21,6.56,6.50
5.36,17.51,14.90,11.28,6.36,6.85
4.89,14.59,12.70,10.17,6.17,6.15
5.36,15.57,13.80,10.91,6.56,6.85
5.36,18.00,14.90,11.84,6.36,6.32
5.36,15.81,13.80,10.91,6.17,5.62
5.12,16.05,14.24,11.10,6.36,6.15
5.82,18.97,15.11,11.47,6.56,6.68
5.36,17.75,13.80,10.91,6.36,6.85
5.36,17.27,13.36,10.36,6.36,8.78
5.36,19.21,14.24,10.73,6.36,7.38
5.12,18.24,13.80,9.99,7.71,5.27
4.66,16.05,12.70,9.25,5.78,5.27
4.66,16.54,13.36,9.80,5.78,5.27
5.12,18.00,13.58,9.99,6.36,5.27
4.66,17.03,12.92,9.80,5.98,5.80
4.89,17.03,13.36,10.17,5.98,5.80
5.12,18.73,14.02,10.36,5.98,5.45
5.12,17.75,13.80,10.36,5.98,5.62
5.59,18.73,14.90,10.91,6.17,5.62
5.36,19.21,14.24,10.54,6.17,5.80
5.12,17.03,13.36,10.17,5.98,6.15
5.82,19.21,15.33,11.65,6.56,6.50
6.06,20.67,15.55,11.65,6.75,6.68
6.29,19.94,15.33,12.02,7.13,8.08
6.29,23.11,16.87,12.58,6.94,6.85
6.29,21.40,15.77,12.21,6.75,7.38
5.82,18.97,15.55,11.84,6.56,6.50
6.75,23.35,18.18,12.95,6.94,5.97
6.29,20.92,16.21,12.02,6.56,6.32
6.06,19.46,15.99,12.02,6.56,6.50
6.75,23.59,17.96,12.95,6.75,6.32
6.29,21.16,15.33,12.02,6.56,6.85
5.59,18.00,14.24,10.91,6.36,5.97
6.52,21.65,16.43,12.58,6.94,7.20
7.69,25.29,18.84,14.06,8.10,9.13
8.39,28.94,20.59,15.35,8.48,8.96
6.99,25.78,17.09,12.58,6.94,6.68
6.06,21.65,15.33,11.84,6.17,6.15
6.75,21.89,17.52,12.95,7.13,6.85
9.55,31.13,27.38,17.94,9.64,7.91
11.88,37.46,32.86,21.27,10.60,6.50
6.75,21.89,17.52,12.39,6.56,4.92
5.82,18.73,14.02,10.91,6.36,6.15
6.52,20.67,14.46,11.47,6.75,8.43
5.82,18.24,13.14,10.91,6.36,6.32
5.59,16.78,12.92,10.17,6.17,6.15
6.52,20.43,14.24,11.28,6.94,9.49
6.75,22.62,15.55,11.84,7.13,7.55
6.06,21.16,15.11,11.65,6.17,5.97
6.06,18.97,14.90,11.28,6.56,6.68
7.22,24.32,17.74,13.32,7.52,7.73
7.45,25.05,18.18,13.50,7.13,6.68
8.39,9.49,11.61,8.69,8.68,4.57
8.39,9.73,11.39,8.69,8.68,4.57
8.39,9.49,11.61,8.69,8.68,4.57
8.39,9.49,11.39,8.69,8.68,4.57
8.39,9.49,11.61,8.69,8.68,4.57
8.39,9.73,11.39,8.69,8.68,4.57
8.39,9.49,11.61,8.69,8.68,4.57
8.62,9.73,12.05,8.88,8.87,4.74
8.62,9.73,11.83,8.88,8.87,4.74
8.39,9.73,12.05,8.88,8.87,4.74
8.62,9.97,12.05,8.88,8.87,4.74
8.62,9.73,12.05,8.88,8.87,4.74
8.62,9.73,12.05,8.88,8.87,4.74
8.62,9.73,12.05,8.88,8.87,4.74
8.62,9.73,11.83,8.88,9.06,4.74
8.62,9.73,12.05,8.88,8.87,4.74
8.62,9.73,12.05,8.88,8.87,4.74
8.62,9.97,12.05,8.88,8.87,4.74
8.62,9.73,12.05,8.88,8.87,4.74
8.62,9.73,12.05,9.06,9.06,4.74
8.62,9.97,12.05,8.88,9.06,4.74
8.62,9.73,12.05,9.06,9.06,4.74
8.62,9.73,12.05,9.06,9.06,4.74
8.62,9.73,12.05,9.06,9.06,4.92
8.62,9.97,12.27,9.06,9.06,4.92
8.62,9.97,12.05,9.06,9.06,4.74
8.62,9.73,12.27,9.06,9.06,4.92
8.62,10.22,12.27,9.06,9.06,4.92
8.39,9.49,11.61,8.69,8.48,4.57
8.62,9.73,12.05,9.06,9.06,4.92
8.62,9.97,12.05,9.06,9.06,4.74
8.62,9.73,12.05,9.06,9.06,4.92
8.62,9.97,12.27,9.06,9.06,4.92
8.62,9.73,12.27,9.06,9.06,4.92
8.62,9.97,12.05,9.06,9.06,4.92
8.62,9.73,12.27,9.06,9.06,4.92
8.62,9.73,12.27,9.06,9.06,4.92
8.62,9.73,12.27,9.06,9.06,4.92
8.62,9.73,12.05,9.06,9.06,4.92
8.62,9.73,12.05,9.06,9.06,4.92
8.62,9.73,12.27,9.06,9.06,4.92
8.62,9.73,12.27,9.06,9.06,4.92
8.62,9.73,12.27,9.06,9.06,4.92
8.62,9.73,12.05,9.06,9.06,4.92
8.62,9.73,12.05,9.06,9.06,4.92
8.62,9.73,12.05,9.06,9.06,4.92
8.62,9.97,12.05,9.06,9.06,4.92
8.62,9.73,12.05,9.06,9.06,4.92
8.62,9.73,12.05,9.06,9.06,4.92
8.62,9.73,12.05,9.06,9.06,4.92
8.62,9.73,12.05,9.06,9.06,4.92
8.62,9.73,12.05,9.06,9.06,4.92
8.62,9.97,12.05,9.06,9.06,4.92
8.62,9.73,12.05,9.06,9.06,4.92
8.62,9.73,12.05,8.88,8.87,4.74
8.62,9.73,11.83,8.88,8.87,4.74
8.62,9.73,12.05,8.88,8.87,4.74
8.62,9.73,12.05,8.88,8.87,4.74
8.62,9.73,12.05,8.88,8.87,4.74
8.62,9.73,11.83,8.88,8.87,4.74
8.39,9.49,11.83,8.88,8.87,4.74
8.39,9.49,11.83,8.88,8.87,4.74
8.39,9.49,11.83,8.88,8.87,4.74
8.39,9.49,11.83,8.88,8.87,4.74
8.39,9.73,11.83,8.88,8.87,4.74
8.39,9.49,11.83,8.88,8.87,4.74
8.39,9.49,11.83,8.88,8.87,4.74
8.62,9.73,11.83,8.88,8.87,4.74
8.39,9.49,11.61,8.69,8.87,4.74
8.39,9.49,11.61,8.69,8.68,4.74
8.15,9.24,11.61,8.51,8.29,4.39
7.92,9.73,12.05,8.69,8.48,4.57
8.15,9.73,11.61,8.51,8.29,4.39
8.15,9.73,11.83,8.69,8.48,4.39
8.15,9.97,11.83,8.88,8.68,4.57
8.39,9.97,12.05,8.88,8.68,4.57
8.15,9.97,12.05,8.88,8.68,4.57
8.15,9.97,12.05,8.88,8.48,4.57
8.15,9.97,11.83,8.69,8.48,4.57
8.62,10.70,12.70,9.43,9.26,5.09
9.32,12.16,13.58,10.17,9.64,5.62
9.55,12.16,13.80,10.17,9.83,5.80
9.55,12.40,13.80,10.36,9.83,5.80
9.78,12.40,13.80,10.36,9.83,5.80
9.78,12.65,13.80,10.36,10.03,5.97
9.78,12.40,14.02,10.36,10.03,5.97
9.78,12.40,14.02,10.36,10.03,5.97
9.78,12.40,14.02,10.36,10.03,5.97
9.78,12.40,14.02,10.36,10.22,5.97
9.78,12.65,13.80,10.36,9.83,5.80
9.08,12.65,13.80,9.99,9.26,5.45
9.32,12.89,13.58,9.99,9.26,5.45
9.08,12.65,13.80,9.80,9.06,5.45
9.32,12.65,14.02,10.17,9.26,5.45
9.32,12.65,13.80,10.17,9.45,5.62
9.32,12.65,14.02,10.17,9.45,5.45
9.32,12.65,13.80,10.17,9.45,5.45
9.08,12.65,13.80,9.99,9.26,5.45
9.32,12.89,14.02,10.17,9.45,5.62
9.32,13.13,14.02,10.17,9.45,5.62
9.32,13.13,14.02,10.17,9.45,5.62
9.32,12.89,14.02,10.17,9.45,5.62
9.32,12.89,14.02,10.17,9.45,5.62
9.32,13.13,14.24,10.17,9.45,5.62
9.32,12.89,14.02,10.17,9.45,5.62
9.32,12.89,14.02,10.17,9.45,5.62
9.32,12.89,14.02,10.36,9.45,5.62
8.85,13.38,14.02,9.99,8.68,5.09
8.62,13.13,13.80,9.99,8.68,5.09
8.62,13.13,13.80,9.99,8.68,5.09
8.85,13.13,14.02,10.17,8.87,5.27
8.85,13.13,13.80,10.17,8.87,5.27
8.85,13.38,14.02,10.17,8.87,5.27
9.08,13.86,14.68,10.54,9.26,5.62
9.08,13.86,14.46,10.54,9.26,5.62
9.55,14.59,15.11,11.10,9.64,5.97
9.55,14.84,15.11,11.10,9.64,5.97
9.55,14.59,15.11,11.10,9.45,5.80
9.55,14.84,15.33,11.10,9.64,5.97
9.55,14.84,15.33,11.10,9.64,5.97
9.55,14.84,15.33,11.28,9.64,5.97
10.02,15.81,15.77,11.47,9.83,6.15
9.78,15.32,15.77,11.47,9.83,6.15
10.02,15.81,16.21,11.84,10.03,6.50
10.25,16.05,16.21,11.84,10.03,6.50
10.25,16.05,16.43,11.84,10.22,6.50
10.48,16.78,16.65,12.21,10.41,6.68
10.48,16.54,16.65,12.21,10.41,6.68
10.48,16.78,17.09,12.39,10.60,6.85
10.71,17.03,17.09,12.39,10.60,6.85
10.71,17.27,17.30,12.58,10.60,7.03
10.95,17.27,17.30,12.58,10.80,7.03
10.71,17.27,17.52,12.76,10.80,7.20
10.95,18.24,17.52,12.76,10.80,7.20
10.95,17.27,17.30,12.76,10.80,7.03
10.95,18.48,17.74,12.95,10.99,7.38
10.95,18.48,17.74,12.95,10.99,7.20
11.18,17.51,17.74,12.95,10.99,7.38
11.18,18.24,17.74,12.95,10.99,7.38
10.95,18.24,17.52,12.95,10.99,7.20
11.18,17.75,17.74,13.13,11.18,7.38
11.18,17.75,17.74,12.95,10.99,7.38
10.25,15.81,16.43,12.02,10.22,6.50
10.48,16.78,16.65,12.21,10.41,6.68
10.48,16.30,16.87,12.39,10.60,6.85
10.71,16.78,17.09,12.58,10.80,6.85
10.71,16.78,17.30,12.58,10.80,7.03
10.71,16.78,17.09,12.58,10.80,6.85
10.48,17.27,17.09,12.39,10.60,6.85
10.71,17.51,17.09,12.58,10.80,6.85
10.71,16.54,17.09,12.58,10.80,6.85
10.71,17.03,17.30,12.58,10.80,6.85
10.71,16.78,17.30,12.58,10.80,7.03
10.71,16.78,17.30,12.58,10.80,7.03
10.71,16.78,17.30,12.76,10.99,7.03
10.71,16.78,17.30,12.76,10.99,7.03
10.71,16.54,17.52,12.76,10.99,7.20
9.78,16.78,16.43,12.02,9.83,6.15
9.55,16.54,16.43,12.02,9.83,6.15
9.55,16.54,16.43,12.02,9.83,6.15
9.55,16.30,16.21,11.84,9.83,5.97
9.55,16.54,16.43,12.02,9.83,6.15
9.55,16.54,16.43,12.02,9.83,6.15
9.78,17.03,16.43,12.02,9.83,6.15
10.02,17.27,17.52,12.58,10.22,6.50
11.18,22.13,19.93,14.24,10.99,7.55
11.65,23.84,21.47,15.17,11.38,8.08
12.11,25.29,22.12,15.54,11.76,8.43
13.28,27.97,24.75,17.39,12.92,9.66
14.44,31.62,26.50,18.50,13.69,10.54
14.91,33.32,28.26,19.60,14.27,11.24
16.54,37.70,31.10,21.45,15.62,12.47
15.37,37.46,29.35,19.97,14.65,10.89
14.44,34.78,27.82,18.87,13.88,10.19
13.74,33.81,25.41,17.20,12.53,8.61
13.98,33.56,26.07,17.76,12.73,8.78
13.98,32.83,26.07,17.57,12.92,8.78
13.98,33.08,26.07,17.57,12.92,8.78
14.21,33.56,26.50,17.76,12.92,8.96
14.21,34.05,26.72,17.94,13.11,8.96
14.21,33.81,26.50,18.13,13.11,8.96
14.21,33.81,26.72,17.94,13.11,8.96
14.91,35.27,28.04,18.87,14.08,9.66
15.61,38.19,28.48,19.24,14.46,9.84
15.37,36.24,28.48,19.05,14.46,9.84
15.14,36.97,27.82,18.68,14.08,9.31
13.74,29.43,23.22,16.09,12.53,8.78
13.04,28.70,23.66,16.28,12.34,8.43
13.98,35.75,30.23,19.79,14.65,8.61
15.37,51.81,28.70,20.34,11.95,8.96
11.41,41.83,28.26,19.79,10.60,7.91
23.76,72.97,55.64,45.31,19.67,13.88
46.58,99.48,97.04,73.06,40.49,19.85
16.77,55.94,32.64,22.01,11.57,9.13
10.48,34.54,25.85,16.83,9.45,7.03
10.25,33.32,24.53,16.28,9.45,7.20
10.48,31.62,24.53,16.65,9.64,8.08
17.70,38.43,31.32,23.30,15.62,9.84
20.96,44.51,34.83,26.08,17.16,11.07
24.46,44.75,38.55,27.37,20.05,10.72
27.95,51.08,60.68,38.47,30.85,9.66
22.83,55.94,68.12,34.40,30.85,9.13
19.10,56.67,55.42,31.07,18.51,9.66
19.10,57.40,60.90,34.40,19.28,9.49
27.25,76.61,94.63,50.31,29.31,12.30
26.79,75.88,83.68,44.94,25.84,11.07
23.99,70.29,79.08,41.06,22.95,10.54
22.83,67.61,73.82,38.29,21.21,9.84
19.80,60.07,61.77,33.48,18.32,9.13
17.70,53.99,53.01,29.41,16.20,8.43
16.54,52.05,51.26,28.48,15.62,8.08
19.33,57.64,63.31,34.03,18.70,8.78
17.47,52.78,53.45,29.78,16.20,8.08
23.52,67.37,82.58,43.09,26.03,10.54
41.46,109.45,146.76,73.43,45.50,15.99
49.61,132.31,167.57,84.34,49.94,18.27
59.16,157.61,193.42,97.84,57.65,21.08
39.60,108.48,128.36,64.73,37.41,13.88
32.84,95.83,122.45,60.48,33.94,12.82
34.47,94.37,145.23,67.32,39.53,14.05
40.06,104.34,165.60,78.60,52.45,15.63
30.51,62.75,57.39,35.33,28.92,13.18
57.07,105.07,160.78,100.61,70.76,15.46
41.69,65.91,48.85,33.48,26.03,15.46
21.20,62.26,69.00,37.92,20.05,9.49
21.66,64.21,67.91,38.29,20.44,9.84
28.42,82.21,93.75,50.68,27.38,11.77
30.75,88.77,99.01,53.27,27.96,11.95
32.84,93.40,111.71,60.29,31.04,12.12
27.02,77.10,91.78,49.94,25.64,10.72
20.26,61.29,64.62,35.51,17.93,8.78
16.30,52.05,49.29,28.11,14.85,7.73
15.61,38.19,29.13,20.71,13.30,8.78
9.78,34.29,24.10,17.39,9.26,7.91
9.32,35.02,23.22,17.02,8.87,7.91
9.08,34.29,21.90,16.46,8.68,7.73
9.32,32.83,22.12,16.65,8.87,7.91
9.78,33.56,22.78,17.20,9.06,7.91
10.02,34.05,24.10,17.94,9.26,8.08
10.25,36.48,25.19,18.68,9.45,8.43
10.02,35.27,24.10,17.39,9.26,7.91
9.32,29.19,21.90,16.09,9.06,7.20
10.48,36.24,26.29,19.05,10.03,8.78
10.71,38.91,24.75,18.50,10.03,9.49
9.08,29.67,20.59,15.17,8.48,7.20
9.32,31.38,23.88,17.02,9.45,8.43
10.48,37.46,26.07,19.05,10.22,9.31
9.08,31.62,21.69,15.91,8.87,7.73
8.85,28.21,21.69,16.28,9.26,7.73
9.32,28.46,22.56,16.46,9.26,8.08
10.02,31.62,24.53,17.57,9.83,8.61
13.74,48.89,30.67,25.34,12.53,24.77
17.93,67.86,36.80,30.70,15.23,30.39
13.98,53.02,32.42,23.86,13.30,13.53
12.11,42.81,28.91,21.08,12.15,12.30
15.14,60.80,34.17,26.45,14.85,26.53
14.21,52.29,31.76,23.12,13.50,15.11
10.95,39.40,26.94,19.60,11.18,10.89
11.65,40.62,28.04,20.34,12.15,13.88
12.58,47.91,29.35,21.08,12.53,13.35
10.25,34.05,24.10,17.39,10.60,10.54
11.18,35.02,25.19,18.50,11.18,14.05
11.18,36.73,26.07,18.50,10.80,10.89
10.25,33.08,26.07,18.31,10.41,8.96
11.88,36.48,30.01,20.53,11.57,10.36
11.41,36.24,29.13,19.60,10.99,8.43
9.78,31.62,23.66,16.65,9.64,7.73
9.78,30.89,24.53,17.76,10.22,9.13
10.48,35.51,25.41,18.13,10.41,10.01
9.32,30.16,22.56,16.28,9.64,8.26
9.55,31.62,24.10,17.57,10.41,10.19
11.88,40.37,28.26,20.71,12.34,13.35
10.48,36.24,25.41,18.13,10.60,10.36
10.25,35.27,25.41,18.68,11.18,11.42
13.04,47.67,31.54,23.30,13.88,19.50
12.81,45.72,30.45,22.19,12.92,13.18
10.95,39.16,27.60,20.16,11.76,11.59
13.04,46.21,32.42,24.23,14.27,15.99
14.67,53.02,36.80,27.00,15.43,16.34
12.34,43.78,31.10,22.38,12.53,11.77
10.48,37.46,27.60,19.60,10.99,10.54
10.95,40.62,30.45,22.19,12.34,12.30
10.95,38.19,28.70,20.53,11.95,11.07
9.78,33.08,25.41,18.50,10.99,9.66
10.25,36.00,28.04,20.34,11.57,10.89
10.02,36.00,25.85,19.05,10.99,10.89
9.55,30.40,23.44,17.20,10.60,9.84
10.48,36.48,27.38,20.16,12.15,12.65
11.41,42.56,27.38,20.53,12.73,14.58
10.25,32.59,23.66,18.13,11.38,13.35
11.41,39.16,28.26,21.08,12.92,15.99
13.28,50.35,31.54,24.60,14.65,19.32
11.88,42.81,26.94,20.53,12.92,20.38
11.88,41.35,28.91,21.64,13.11,17.92
13.98,52.78,34.61,26.45,15.43,18.27
12.34,47.43,28.70,21.64,13.30,19.32
11.65,39.40,28.48,21.08,12.92,15.28
13.98,51.56,35.70,27.00,15.81,20.55
16.77,66.64,42.50,31.26,18.12,22.66
14.44,53.75,38.99,27.93,16.20,16.51
15.14,54.48,39.65,29.59,17.16,22.31
16.30,63.48,42.28,30.70,17.93,20.20
13.74,47.67,37.46,25.52,15.04,13.70
12.81,40.86,34.17,23.30,13.88,12.47
11.88,37.21,33.08,22.75,13.50,12.30
13.98,45.48,36.14,25.34,15.04,14.40
11.65,39.16,30.89,21.64,12.73,13.70
12.34,39.16,35.27,23.12,13.30,10.72
12.34,41.59,35.27,23.12,12.73,10.36
10.25,31.38,27.82,19.24,10.99,8.61
9.78,30.65,27.60,19.42,10.99,8.96
10.02,32.59,27.16,19.42,11.18,9.31
9.08,27.73,24.31,17.57,10.22,8.61
10.48,33.56,31.32,21.27,11.95,9.49
10.71,38.19,30.67,20.90,11.95,10.01
8.85,30.65,24.53,17.94,10.60,9.66
8.62,28.46,23.88,17.39,10.22,9.31
10.02,36.73,29.79,20.90,11.76,10.19
9.78,36.48,26.94,19.42,11.57,10.72
8.62,30.89,24.10,17.57,10.41,10.01
9.55,34.29,28.04,20.53,11.76,11.07
9.78,36.00,28.48,20.90,11.95,11.77
9.32,32.35,25.19,18.50,10.99,11.07
9.78,34.54,28.26,19.97,11.76,11.59
10.25,36.73,31.32,22.19,12.73,12.12
9.32,33.56,25.85,18.87,11.38,11.59
8.62,27.97,23.44,17.20,10.80,10.54
9.08,32.35,26.72,19.42,11.57,11.77
9.55,36.24,27.60,19.79,11.95,12.12
8.85,30.16,24.75,17.94,11.18,10.89
8.85,29.19,25.41,17.94,11.18,10.89
10.48,39.89,31.54,22.01,13.30,12.47
10.48,40.13,29.57,20.90,12.53,12.12
9.08,30.40,25.41,18.13,10.99,11.24
9.78,34.54,28.70,20.71,12.34,12.65
10.02,36.97,28.48,20.71,12.73,13.70
9.32,31.62,24.53,18.50,11.57,13.00
9.78,33.32,27.60,20.71,12.53,14.23
11.65,42.81,35.05,25.15,14.85,14.93
11.18,39.64,33.08,23.30,13.69,13.88
10.25,34.29,29.13,21.27,12.53,13.18
10.71,39.16,31.76,23.67,14.08,15.46
11.41,45.72,31.98,24.97,15.04,17.57
10.48,37.94,28.26,21.64,12.92,14.58
10.95,40.86,33.73,25.71,15.43,19.15
12.58,47.91,37.24,27.37,16.39,18.27
10.02,36.00,28.70,21.08,12.73,13.35
9.78,36.73,30.01,22.01,13.11,13.53
8.39,31.38,24.75,18.68,10.99,11.42
7.69,27.48,23.00,17.20,10.60,10.89
7.92,29.67,24.97,17.94,10.60,10.54
7.45,27.24,23.22,16.65,9.83,8.61
6.75,24.57,21.03,14.98,9.06,7.91
7.45,25.54,23.88,16.65,9.83,8.08
7.69,27.00,24.53,17.02,10.03,8.26
6.99,25.05,21.90,15.72,9.26,8.26
6.06,19.21,17.96,13.32,8.29,7.55
6.29,19.21,18.18,13.50,8.29,7.38
6.75,21.16,20.59,14.80,8.87,7.73
7.22,22.62,21.47,15.54,9.45,9.31
6.99,23.11,21.47,15.72,9.64,10.72
6.52,22.86,20.37,15.54,9.45,10.01
6.06,20.92,19.28,14.61,9.26,9.66
6.29,21.65,20.81,15.54,9.64,10.01
6.99,24.57,23.00,16.83,10.60,10.54
6.52,22.86,21.03,15.72,9.45,9.49
6.52,21.40,20.81,15.91,10.03,10.54
6.99,25.29,24.31,18.31,11.57,13.00
8.15,29.92,25.41,19.05,11.57,11.77
7.69,27.48,25.19,18.13,10.99,10.72
8.62,31.86,26.72,19.42,12.15,13.00
9.78,37.46,29.35,22.01,13.50,15.46
9.55,34.29,28.91,20.53,12.34,11.77
9.55,33.56,29.57,21.27,12.73,13.00
11.41,43.05,34.39,24.41,14.08,14.05
11.65,39.40,33.73,23.30,13.30,11.77
11.18,37.46,33.08,22.93,13.50,12.30
11.41,41.35,33.95,23.86,14.08,13.88
10.25,38.43,30.89,21.27,12.53,11.24
9.55,36.00,29.35,20.71,12.34,11.95
12.11,45.48,35.27,25.71,15.23,16.51
12.58,48.16,36.14,25.71,15.04,14.93
10.95,41.35,32.20,22.93,13.50,13.35
13.74,54.72,37.46,28.48,16.97,20.55
15.14,58.62,40.30,28.67,17.16,20.03
13.28,49.13,37.68,26.08,14.85,13.70
14.67,55.21,41.40,29.78,17.35,18.45
16.07,60.56,47.10,31.07,17.55,15.46
12.11,44.75,33.51,22.93,12.92,11.42
10.71,39.40,29.35,21.45,12.92,13.35
11.18,43.78,30.23,22.01,13.11,15.11
10.02,37.70,28.04,19.79,11.57,10.89
9.78,33.81,27.16,18.87,10.99,10.36
10.02,37.70,28.04,19.79,11.38,10.72
9.78,38.19,26.72,19.05,11.57,11.24
9.32,31.13,24.10,17.20,10.60,9.84
9.32,31.38,25.63,17.76,10.80,10.01
10.02,37.21,28.04,19.24,11.18,9.84
10.02,35.27,26.94,18.50,10.80,9.66
9.32,28.94,23.44,16.65,10.03,8.78
9.32,31.86,24.97,17.39,10.22,9.13
9.08,31.86,23.66,17.02,10.41,9.84
9.08,29.19,22.12,16.09,10.22,9.66
9.08,32.83,25.19,17.39,10.60,10.01
9.78,36.00,24.75,17.94,10.99,11.24
9.55,28.70,23.44,17.02,10.60,9.66
10.71,36.24,28.26,19.97,11.57,11.07
10.48,37.21,26.72,19.24,11.38,11.07
9.55,30.40,23.00,16.83,10.41,9.66
10.02,35.27,26.50,18.50,10.60,9.66
10.71,38.67,27.16,19.05,10.99,9.84
9.55,31.62,23.88,17.20,10.03,8.78
10.02,32.35,26.72,18.50,10.60,8.96
12.11,42.08,32.64,22.01,12.15,10.19
11.41,40.37,28.91,20.34,11.38,10.19
10.25,33.81,24.97,17.76,10.22,9.49
10.71,38.19,27.16,19.42,10.99,10.36
10.95,39.40,27.16,19.60,10.99,10.36
10.48,36.24,25.41,18.31,10.60,10.01
10.48,37.21,25.41,18.31,10.41,9.84
10.48,36.24,25.63,18.13,10.22,9.49
10.48,37.21,25.85,18.13,10.41,9.49
10.48,36.00,25.85,18.50,10.41,9.49
10.71,36.73,26.29,18.50,10.60,9.66
10.95,37.46,26.72,18.87,10.80,9.66
10.95,37.70,26.94,18.87,10.80,9.66
10.95,37.46,26.72,18.68,10.60,9.66
10.71,37.21,26.72,18.68,10.60,9.49
10.71,37.21,26.72,18.68,10.60,9.49
11.18,38.91,27.60,19.42,11.38,10.54
12.58,46.70,29.79,21.64,12.15,12.47
10.95,37.94,25.41,18.13,10.80,10.19
10.71,34.29,24.97,17.94,10.22,9.84
11.41,40.62,27.16,19.05,10.80,9.66
9.78,31.38,22.12,15.72,9.26,8.43
10.48,34.29,26.29,18.31,10.41,8.96
11.18,38.67,25.63,18.31,10.22,9.13
9.55,28.94,21.03,14.98,9.06,7.91
10.02,32.59,24.75,17.39,9.45,7.73
9.78,32.83,23.22,16.46,8.87,7.55
9.55,28.70,23.44,16.28,9.26,7.20
10.25,34.78,26.50,17.94,9.45,7.55
10.02,33.81,23.66,16.46,9.26,7.91
9.55,30.40,22.34,15.91,9.06,8.26
10.25,34.05,24.10,16.83,9.45,8.08
9.78,34.29,23.00,16.46,9.06,7.73
9.08,29.19,20.81,14.98,8.48,7.55
9.55,31.38,23.22,16.46,8.87,7.55
10.25,35.27,24.53,17.39,9.64,8.43
9.78,31.62,21.90,15.91,9.06,8.26
10.02,31.13,22.34,16.09,9.26,8.78
10.95,38.91,26.07,18.50,10.22,9.13
10.71,36.24,24.10,17.02,9.83,8.96
10.02,31.38,22.12,15.72,9.06,8.78
10.95,36.97,27.38,18.50,10.41,8.78
11.41,40.13,27.60,18.87,10.60,9.31
10.95,34.29,24.53,17.57,10.22,10.01
11.65,39.40,29.57,20.34,11.76,10.89
15.14,55.21,35.92,25.71,14.46,14.93
13.51,49.62,28.91,21.08,11.95,19.50
12.34,39.89,26.94,19.42,11.38,17.04
11.88,39.16,26.72,18.87,10.80,13.88
10.48,31.62,24.75,17.57,10.22,9.13
10.02,31.38,24.53,17.02,9.45,7.38
10.25,30.16,25.63,17.94,9.83,7.55
10.25,30.65,25.41,17.76,10.03,8.61
11.18,31.62,26.29,18.13,10.60,9.13
11.18,32.83,26.72,18.50,10.22,7.73
10.71,30.89,25.85,17.94,9.64,7.55
10.02,28.21,23.88,17.02,9.64,7.55
10.95,31.86,25.85,18.13,10.60,10.54
19.10,35.02,27.16,27.00,11.95,23.01
12.81,40.13,30.67,21.64,12.73,12.65
11.41,37.21,27.38,19.05,11.18,10.89
10.25,31.86,25.85,18.31,10.60,9.84
11.41,37.21,30.01,20.71,11.76,10.89
11.41,37.46,30.67,20.53,11.76,9.49
10.48,32.35,26.29,18.31,10.60,8.78
11.41,35.51,32.42,21.45,12.34,9.31
11.18,33.81,30.01,19.97,11.95,8.78
10.71,31.62,28.04,19.24,11.95,9.84
12.34,42.81,34.39,23.12,13.69,11.77
12.34,43.05,33.51,22.93,13.11,10.54
11.41,39.89,30.67,21.64,12.73,11.24
13.98,48.40,35.27,26.08,15.43,15.46
12.34,47.18,30.23,22.75,13.11,13.35
11.18,41.59,26.50,20.90,12.34,13.53
12.11,45.00,26.29,23.30,13.50,24.42
15.84,33.32,24.75,23.49,13.30,26.53
14.91,32.59,23.66,22.01,12.73,24.24
12.11,33.56,23.22,21.45,12.53,23.19
13.51,24.81,21.25,19.42,11.76,19.85
12.34,31.38,22.78,20.16,11.95,21.78
10.48,35.27,22.56,19.60,11.57,20.55
10.95,27.48,20.15,17.39,10.80,17.22
9.78,30.65,21.03,16.83,10.99,16.86
9.55,34.54,21.69,17.39,10.99,16.16
9.55,30.16,20.37,16.46,10.80,16.34
9.32,31.62,21.03,16.83,10.80,13.18
9.32,35.51,21.47,17.20,10.80,13.88
8.85,28.46,19.71,15.72,10.22,12.82
9.32,33.32,21.47,17.02,10.60,12.47
9.32,34.29,21.47,17.39,10.60,14.40
9.08,30.89,20.15,16.28,10.22,14.40
9.32,34.05,22.34,17.76,10.80,12.30
9.55,36.97,22.34,17.76,10.80,12.12
8.62,29.92,19.93,15.91,9.64,11.24
8.39,29.43,20.37,16.09,9.83,10.36
9.08,34.05,23.22,17.57,10.60,10.89
8.85,30.65,21.47,16.28,10.03,10.19
8.39,26.75,20.59,15.91,9.45,9.31
8.85,32.10,23.22,17.39,10.41,10.54
8.85,32.35,22.78,17.20,10.22,10.36
8.15,27.24,20.59,15.91,9.64,9.49
8.62,31.86,23.22,17.39,10.22,10.19
9.55,35.27,24.97,18.68,11.18,11.24
8.85,30.89,22.56,17.20,10.41,10.72
8.85,30.16,23.88,17.76,10.60,10.54
9.78,36.00,26.72,19.60,11.57,11.42
9.32,35.27,25.41,18.50,10.60,10.36
9.08,32.83,25.19,18.50,10.99,11.07
10.02,36.73,26.94,19.60,11.76,11.59
9.08,33.32,25.41,18.50,10.60,10.36
9.08,32.59,25.19,18.31,10.99,10.89
9.78,36.00,26.94,19.60,11.76,11.59
9.08,33.08,25.63,18.31,10.41,9.84
9.08,33.08,25.85,18.87,11.18,11.24
10.25,38.91,28.48,20.53,12.34,12.30
9.55,35.27,27.16,19.60,11.18,10.36
9.78,35.75,26.94,19.79,11.95,12.12
10.02,37.21,28.70,20.34,11.95,11.24
10.02,35.75,28.70,19.97,11.57,10.54
10.71,39.16,30.89,21.64,12.73,12.30
11.41,40.13,35.27,23.49,13.11,10.89
11.88,40.62,34.39,23.12,13.30,11.42
12.58,41.59,37.90,25.34,14.08,12.12
15.37,48.64,46.22,29.41,15.81,10.54
11.88,38.91,35.92,23.49,13.11,10.19
13.98,44.51,46.88,29.78,15.62,10.36
12.81,39.64,39.43,24.60,13.88,10.01
12.58,39.64,39.43,25.34,14.85,11.77
13.28,44.27,43.15,27.00,15.04,10.01
12.11,37.21,35.92,23.30,13.11,9.31
13.04,44.02,42.06,27.56,15.23,11.59
10.71,37.94,31.98,22.19,12.53,10.54
9.08,28.94,27.60,19.24,11.18,9.13
9.55,33.56,31.54,21.82,11.95,10.36
9.32,33.08,27.60,19.42,10.99,9.84
7.45,24.08,21.25,15.72,9.26,8.26
7.22,25.29,23.22,16.65,9.45,8.78
8.15,29.67,24.31,17.57,10.22,10.01
7.69,27.00,21.47,16.09,10.03,11.24
8.15,30.65,25.63,18.13,11.38,11.07
8.15,29.43,24.53,17.76,10.41,10.01
7.22,24.32,21.69,15.91,9.64,9.84
8.15,28.21,25.85,18.68,10.99,10.36
7.92,27.97,23.88,17.39,10.60,10.36
7.45,23.84,22.12,16.28,10.03,10.19
8.39,28.70,28.04,19.79,11.57,10.72
8.39,29.67,25.41,18.68,11.18,11.24
7.22,24.57,21.69,15.91,10.03,10.54
7.45,26.27,23.00,17.57,10.41,11.07
6.52,23.35,20.59,15.72,9.83,10.01
6.06,20.43,18.84,14.61,9.26,10.19
6.52,22.86,20.59,15.91,9.83,10.54
6.29,22.38,19.50,15.17,9.45,10.19
6.06,20.92,18.84,14.43,8.87,9.66
6.52,23.35,21.25,16.28,9.83,10.01
6.52,23.35,20.81,15.54,9.64,9.66
6.52,22.38,21.03,15.54,9.64,9.66
6.99,24.57,22.12,16.65,10.03,10.19
6.29,22.86,20.37,15.17,9.64,10.19
6.75,23.84,23.22,16.83,10.41,10.54
9.55,32.83,29.57,20.71,12.34,11.24
8.62,28.70,25.41,17.94,10.99,10.54
8.15,27.48,25.19,18.13,11.18,10.89
9.55,34.05,29.35,21.27,12.92,12.47
8.62,29.43,25.63,18.31,11.57,11.42
9.08,32.10,28.04,19.79,12.34,11.95
10.48,35.51,30.89,22.01,13.30,12.65
8.62,29.19,24.97,18.13,11.38,11.42
8.62,29.43,27.16,19.24,11.76,11.24
10.25,35.51,30.01,21.45,12.92,11.95
9.32,31.13,26.29,19.05,11.95,12.47
9.78,33.81,30.01,20.71,12.73,11.77
11.18,39.40,34.17,22.75,13.30,11.42
10.48,34.78,30.45,21.08,12.73,12.12
10.95,37.70,32.86,22.75,13.50,12.12
10.25,35.27,30.01,20.71,12.53,11.59
9.55,31.86,28.04,19.97,12.15,12.12
10.48,36.48,31.32,21.64,13.11,12.12
10.02,35.75,29.79,20.53,11.95,11.24
9.78,32.83,29.13,20.16,12.15,11.42
10.71,38.43,30.89,22.19,13.88,15.46
10.48,37.21,30.01,21.27,12.53,12.30
9.78,33.08,26.72,19.24,11.95,12.65
10.95,37.70,29.57,21.82,14.08,17.04
11.18,41.10,31.10,22.38,13.88,14.93
10.02,34.54,27.60,19.79,11.76,12.12
10.02,32.59,27.16,19.60,12.15,12.82
11.88,43.29,31.76,23.12,14.27,17.39
12.34,42.56,33.95,23.67,14.46,13.35
11.18,37.21,30.01,20.71,12.53,11.95
10.95,38.43,29.79,21.27,13.11,13.88
11.18,39.40,29.13,21.08,12.53,12.65
9.78,35.02,25.63,18.68,10.99,11.24
10.25,35.51,27.60,20.16,12.34,12.82
11.65,41.10,31.10,22.38,13.30,13.18
10.48,36.00,27.38,19.42,11.38,11.07
11.18,39.16,28.48,20.53,12.92,13.70
12.11,42.56,31.10,22.19,13.30,13.53
11.41,38.91,28.91,20.34,12.15,12.47
13.04,41.83,29.57,22.01,14.27,19.50
13.74,46.70,31.76,23.12,14.27,17.39
11.88,41.35,30.23,21.27,13.11,13.70
11.88,39.64,28.70,21.08,13.30,15.81
13.28,45.48,31.76,23.12,13.88,15.63
11.18,38.67,28.26,19.97,11.95,12.30
12.34,41.59,29.57,21.45,13.50,15.99
14.21,49.86,31.98,23.67,14.46,17.57
11.41,42.08,27.60,20.16,12.15,13.35
10.48,35.02,24.53,17.76,11.18,11.77
10.95,35.75,26.94,19.05,11.57,11.77
11.65,42.08,29.79,21.08,12.15,11.95
11.18,38.91,27.16,19.05,11.57,11.24
9.78,30.89,23.22,16.65,10.22,10.19
10.25,35.02,24.97,18.13,10.80,10.72
11.41,41.35,28.26,20.53,11.95,12.65
12.34,45.97,30.01,22.01,12.73,14.40
12.34,44.27,27.82,20.53,12.53,14.23
11.18,37.46,23.44,17.57,10.99,13.88
10.95,33.32,21.90,16.83,10.80,15.99
12.11,42.08,24.75,18.68,11.95,20.73
12.81,42.08,23.22,18.50,11.57,21.78
10.95,28.94,19.50,15.35,9.83,15.46
13.04,32.83,22.34,18.68,11.18,20.90
16.77,36.73,23.88,22.75,11.76,24.77
16.77,22.86,22.78,19.79,13.50,20.73
17.24,27.48,23.44,22.01,11.95,22.66
17.24,27.24,22.56,20.53,12.34,21.78
17.00,26.51,23.00,21.64,12.15,22.84
13.28,40.62,22.34,19.60,10.41,20.03
12.58,33.32,20.81,17.39,9.83,17.39
10.95,39.16,21.90,17.02,10.41,17.22
11.65,41.35,22.34,17.39,10.22,15.28
10.02,35.02,20.37,15.72,9.26,9.66
8.39,27.73,18.40,13.87,8.10,7.73
8.39,29.19,18.84,14.06,8.10,7.38
7.92,25.78,17.52,12.95,7.52,6.50
7.45,22.38,16.87,12.39,7.33,5.97
7.92,26.27,18.40,13.32,7.71,6.68
7.92,23.59,17.09,12.95,7.52,6.50
8.62,27.48,19.93,14.61,8.48,7.91
9.32,34.29,21.69,16.28,9.26,9.13
9.32,28.46,19.50,14.61,8.68,8.78
9.78,32.83,23.22,17.02,9.64,9.31
11.88,42.56,26.07,19.97,11.18,12.82
11.41,37.70,22.34,18.31,10.22,17.57
11.18,36.73,23.22,17.94,10.60,17.57
12.34,46.94,27.16,21.08,11.95,14.76
11.88,44.75,25.19,18.87,11.38,17.57
11.18,37.46,25.63,18.50,11.18,11.77
13.28,47.18,30.01,22.56,13.11,15.28
13.04,44.27,28.04,20.71,12.53,14.40
14.44,48.64,33.51,24.41,14.85,16.34
15.14,54.24,37.46,26.26,15.43,15.63
16.30,53.26,34.83,25.71,15.62,19.32
17.93,58.62,40.52,29.22,16.77,20.20
15.61,56.67,37.68,25.89,14.85,14.76
13.28,43.54,32.42,23.12,14.08,15.28
15.61,52.05,35.92,26.26,15.81,18.27
13.28,46.21,34.39,23.86,14.08,13.88
13.04,43.29,31.76,23.12,14.27,16.51
13.98,46.94,33.95,24.04,14.27,15.46
11.88,38.19,29.13,20.90,12.92,13.53
13.28,41.35,31.10,22.93,14.08,16.51
11.65,39.16,29.79,21.27,12.73,12.12
12.34,38.19,30.89,22.56,14.08,16.34
17.93,66.64,47.53,34.96,20.44,26.88
21.20,82.21,55.20,39.76,23.14,26.53
