2.56,2.43,3.50,4.25,9.64,12.30
2.56,2.43,3.94,4.99,6.94,11.24
2.80,2.92,4.60,5.92,7.91,14.93
2.80,2.68,4.38,5.55,7.13,10.54
2.56,2.43,3.50,4.25,9.64,12.30
2.56,2.43,3.94,4.99,6.94,11.24
2.80,2.92,4.60,5.92,7.91,14.93
17.47,35.51,17.52,31.81,63.82,114.36
12.34,29.92,14.90,26.45,59.77,102.77
10.02,21.89,13.36,22.75,57.07,92.75
8.85,16.54,12.49,20.16,54.18,86.25
9.32,17.27,14.24,21.82,59.00,90.12
10.25,22.13,14.90,24.41,62.47,97.32
10.02,19.70,14.90,22.75,59.97,92.23
9.32,17.03,13.80,21.64,57.65,88.89
10.02,19.94,15.99,23.67,60.93,92.58
10.25,18.73,17.74,24.04,63.44,93.10
10.95,18.00,20.15,24.78,67.10,93.46
12.11,18.73,21.69,26.82,69.99,97.50
12.81,19.46,21.69,28.11,70.57,99.25
13.74,18.97,21.90,28.48,71.15,97.67
13.28,18.24,20.81,27.37,68.64,94.33
13.51,18.48,20.59,27.56,68.06,93.28
13.74,18.97,21.25,27.93,69.41,93.98
14.21,18.97,21.90,29.04,70.96,96.27
15.14,20.19,22.34,30.33,71.92,97.14
16.07,21.16,22.78,31.07,72.69,98.37
16.07,21.16,22.78,30.89,72.31,97.67
16.07,21.16,23.22,31.44,73.66,98.90
16.07,21.16,23.44,31.44,74.23,98.73
16.30,21.40,23.88,32.00,75.01,99.25
16.30,21.40,24.75,32.37,75.20,98.90
16.07,21.16,24.31,32.18,74.81,98.90
16.07,21.40,24.10,31.81,74.43,99.25
16.07,21.40,24.10,32.00,74.81,99.96
16.30,22.62,24.75,32.37,75.78,101.01
15.84,21.40,24.31,31.63,75.58,101.89
14.44,21.16,23.88,31.07,76.55,104.00
16.30,21.89,28.04,34.40,81.95,104.70
16.07,21.40,27.82,33.85,80.98,102.06
16.30,21.65,28.04,34.22,82.72,104.35
16.54,21.65,28.04,34.22,82.72,104.35
16.30,21.40,28.26,34.22,81.95,102.77
16.07,20.92,28.48,34.03,80.60,99.43
15.84,20.67,28.91,34.03,81.18,99.08
16.77,21.65,30.45,35.70,84.65,104.17
16.77,21.89,32.64,37.36,88.70,108.04
16.07,21.40,30.23,36.07,87.73,109.79
16.77,21.40,31.10,36.81,89.66,111.02
16.54,21.65,30.23,36.62,88.31,110.85
16.07,21.16,29.57,35.70,85.80,108.56
16.30,21.40,30.23,36.44,86.96,109.44
15.37,20.43,28.26,34.77,83.87,107.16
16.07,21.40,32.64,37.92,88.50,109.44
16.07,21.40,31.10,37.36,86.96,109.97
15.84,21.16,31.54,37.55,86.77,108.39
15.84,21.40,31.98,37.92,87.73,109.79
15.84,21.65,33.30,38.66,88.89,110.32
15.84,21.89,34.61,39.39,89.66,110.14
15.84,21.89,36.36,40.32,90.05,109.09
15.61,21.40,35.70,39.39,88.12,105.58
15.37,21.16,35.27,39.02,87.73,105.23
15.37,21.16,35.05,38.84,87.15,104.87
14.91,20.67,34.17,37.55,85.61,101.54
15.37,21.40,35.49,38.84,87.73,104.35
15.14,20.92,35.27,38.66,86.77,102.59
15.14,20.67,35.70,38.84,86.96,102.94
15.14,20.92,35.92,39.02,86.96,103.47
14.91,20.67,35.70,38.84,86.57,102.94
14.91,20.43,36.36,39.02,86.38,102.06
14.91,20.67,36.80,39.21,86.77,102.41
14.91,20.43,36.58,39.02,85.80,101.36
14.44,19.94,34.17,36.99,82.91,98.90
14.44,20.43,35.92,38.10,83.10,96.79
13.51,18.97,34.61,34.96,73.08,74.66
13.74,18.48,34.83,35.14,73.27,75.19
13.74,18.48,35.05,35.33,73.66,75.54
13.74,18.48,34.39,34.96,73.08,75.36
13.98,18.97,35.49,35.88,74.81,77.65
14.21,19.70,36.14,36.62,76.36,79.75
13.74,18.97,35.70,35.70,74.81,76.77
13.98,18.97,35.27,35.51,76.74,78.88
14.21,18.73,34.61,35.33,78.28,80.63
13.98,18.48,34.83,35.33,78.09,80.10
13.98,18.48,34.39,35.14,78.09,79.40
13.51,17.75,33.08,33.48,74.04,74.31
13.04,16.30,32.64,32.55,70.96,68.69
12.81,16.05,34.17,33.48,71.73,69.04
12.81,16.54,30.89,29.04,72.50,72.02
9.32,18.73,10.51,17.76,46.66,66.40
6.99,13.38,8.10,13.87,34.71,56.04
6.99,14.59,8.98,15.17,37.21,59.20
6.99,13.86,8.32,14.24,35.86,56.04
6.29,11.92,7.67,13.13,28.54,46.73
7.69,13.38,8.98,14.43,30.85,51.82
6.29,11.92,7.01,12.21,29.50,50.24
9.32,14.84,10.30,15.91,35.86,57.27
8.62,15.32,9.86,16.28,34.90,59.73
9.32,17.03,10.95,17.76,38.76,64.65
10.02,17.51,11.83,18.50,39.91,65.00
11.18,18.48,12.92,19.79,43.38,69.74
11.65,21.16,13.36,21.45,47.43,77.82
12.34,22.62,14.68,23.49,52.25,86.60
13.74,25.78,15.99,25.71,56.69,95.56
13.98,26.02,16.65,26.45,58.62,98.02
15.84,27.97,16.43,24.97,58.42,97.14
11.41,15.32,13.14,18.13,42.81,62.71
14.21,19.94,15.33,22.56,53.80,87.48
20.26,36.00,21.25,33.66,75.39,128.41
19.80,30.40,15.99,24.97,59.19,99.25
10.71,13.62,11.39,16.09,38.56,55.34
12.34,18.00,13.14,18.87,46.08,70.09
14.91,20.43,13.14,20.16,48.78,79.23
10.71,14.84,11.83,16.46,38.76,54.63
21.20,27.24,12.49,22.75,41.84,52.70
9.32,12.65,12.05,16.09,31.24,44.62
14.21,26.02,23.66,23.12,32.97,41.81
23.29,28.21,26.94,31.44,39.53,31.97
9.78,14.84,12.27,16.46,36.06,50.07
9.08,12.65,10.73,15.72,34.32,52.17
14.67,21.40,14.68,23.49,55.34,93.81
20.26,36.24,19.28,32.18,70.96,122.09
14.44,23.84,14.24,22.19,51.87,88.71
10.95,14.59,13.14,18.31,39.91,57.97
11.65,15.81,15.77,21.45,50.32,74.13
16.30,27.48,17.30,27.56,63.82,107.86
13.98,21.16,14.02,21.64,50.13,83.44
10.95,14.11,12.05,17.57,38.56,57.27
13.28,21.40,15.33,24.78,57.46,101.01
17.70,32.59,16.87,28.48,64.59,115.06
14.21,20.19,13.14,19.79,48.78,78.00
17.00,26.51,16.43,26.45,61.89,103.29
18.40,41.10,15.77,24.97,58.81,91.52
12.81,24.08,13.36,18.50,44.54,62.89
21.20,43.29,16.65,32.92,60.35,87.31
24.69,48.40,15.55,29.22,58.04,84.32
14.67,28.70,14.68,21.27,51.67,77.12
21.20,53.02,17.96,30.33,69.22,112.78
17.24,34.78,14.02,21.64,54.95,86.78
16.07,21.16,15.77,24.60,59.97,95.04
20.50,40.37,24.31,38.29,86.19,145.81
22.59,46.70,19.06,31.26,72.11,123.32
16.07,22.62,15.11,23.67,56.30,93.46
18.87,34.29,19.50,31.81,71.15,120.51
17.24,30.89,15.99,26.63,61.51,108.21
15.14,24.57,15.33,25.34,57.65,102.94
14.91,28.94,16.65,27.37,59.19,102.77
12.34,22.13,13.36,21.45,47.24,83.09
11.88,19.46,12.70,20.16,46.28,77.29
15.37,19.94,14.02,19.97,49.94,73.96
13.04,16.05,14.02,18.87,46.28,65.00
10.02,14.35,12.27,17.94,38.95,55.34
10.71,14.59,12.92,17.76,41.26,58.85
23.29,31.86,14.68,30.70,45.89,48.13
13.04,24.32,12.27,17.39,41.65,60.25
10.48,13.62,10.51,15.54,36.44,57.44
12.11,20.92,11.17,17.02,39.91,56.04
16.54,34.05,14.24,24.23,56.30,102.06
17.47,37.94,13.80,23.30,53.02,93.10
14.21,22.38,11.17,17.76,41.65,62.71
16.30,33.32,13.80,24.23,55.53,106.98
17.93,34.54,15.33,27.37,60.74,118.58
14.91,25.05,12.05,18.87,45.31,77.65
16.54,29.43,13.80,23.30,53.99,101.19
18.17,34.29,17.30,30.15,68.26,124.37
15.61,30.40,17.09,28.85,67.87,113.48
14.91,28.21,17.74,29.78,71.34,111.55
13.04,21.89,17.52,26.08,59.00,89.94
11.18,18.48,17.09,24.23,52.64,69.04
12.11,18.73,19.93,26.82,61.51,78.52
14.91,24.57,22.34,32.00,74.43,111.90
18.17,32.59,25.19,36.81,85.22,124.90
16.07,25.54,26.94,34.22,75.01,98.20
13.28,18.00,21.03,25.52,57.27,70.62
14.21,18.97,23.66,27.74,65.94,83.62
22.13,33.81,29.35,39.02,89.27,125.95
22.13,41.35,25.19,38.29,90.05,140.01
16.30,27.48,20.81,28.48,68.06,101.89
13.74,19.70,15.55,21.82,51.67,80.81
17.24,25.78,16.65,25.89,61.12,100.48
14.67,24.81,15.77,24.41,57.84,93.81
11.65,16.54,12.27,18.13,43.00,65.52
12.34,15.57,13.36,19.24,47.63,69.92
16.07,24.81,13.58,20.71,50.71,83.27
10.48,13.86,10.51,15.54,37.21,57.62
13.28,21.65,11.83,18.87,43.00,57.97
16.07,22.13,11.83,19.97,38.95,46.20
14.44,23.35,12.27,18.68,37.98,47.96
10.02,14.11,10.73,15.54,35.48,52.88
10.71,19.21,11.39,17.02,38.95,52.88
19.80,24.81,11.83,20.34,40.88,50.94
10.25,14.35,10.95,16.28,37.79,57.80
13.51,19.70,12.70,19.42,47.63,74.66
14.21,19.70,12.49,19.24,46.47,76.59
13.98,19.21,12.92,20.53,49.55,85.20
18.17,36.97,14.90,24.41,57.65,98.37
14.67,22.62,13.58,21.82,51.48,89.94
17.24,27.48,15.33,25.71,60.35,106.63
19.33,32.59,15.55,26.26,61.51,109.97
16.30,25.29,14.90,24.97,58.81,105.58
22.13,41.59,18.62,31.44,72.50,130.35
20.26,33.08,17.09,29.41,67.29,122.27
21.43,37.70,20.81,34.77,78.09,139.13
21.43,38.19,20.81,34.77,78.67,136.14
17.93,27.48,17.52,27.37,64.21,107.33
20.03,34.54,19.71,31.63,72.11,125.08
17.00,27.73,16.21,26.45,63.05,104.87
17.93,28.70,17.96,28.85,68.45,117.00
15.14,25.78,15.77,24.60,58.42,96.79
14.67,24.57,15.33,24.23,57.65,95.74
17.70,30.89,17.96,29.78,68.26,118.40
15.37,27.48,15.99,25.71,59.58,101.54
12.34,18.73,13.14,20.16,45.89,74.48
12.58,18.00,13.58,20.53,48.40,78.70
14.91,27.00,15.99,25.34,60.16,99.96
15.84,20.67,14.24,21.27,51.67,81.16
17.24,24.32,16.43,25.52,60.74,98.02
17.24,30.40,16.87,27.37,64.98,107.51
17.24,23.59,14.24,22.38,53.41,86.43
15.61,20.92,14.68,22.75,54.37,86.25
16.77,27.73,17.52,27.00,66.52,104.00
16.30,24.32,15.77,23.12,55.53,87.31
13.04,16.78,13.80,19.24,46.85,69.56
17.70,26.75,18.84,27.37,66.14,102.06
15.37,26.75,16.43,24.78,59.97,95.56
13.74,19.46,14.90,21.45,51.87,78.70
16.54,24.32,17.96,26.45,64.59,102.06
18.17,28.21,18.84,27.37,67.87,110.67
14.44,23.11,15.55,23.49,55.34,89.94
17.00,27.73,17.74,27.56,66.33,112.43
23.29,42.81,22.78,36.62,80.60,136.14
17.70,27.97,16.43,24.97,60.35,98.37
15.84,21.40,15.55,23.12,55.92,89.59
19.57,35.02,17.96,30.70,72.50,120.51
14.44,23.59,15.11,23.12,54.95,89.06
13.51,20.67,14.46,21.64,51.29,82.92
14.21,24.57,16.43,24.97,59.39,95.56
11.88,19.46,14.24,20.53,47.05,75.36
12.58,20.19,15.99,22.93,54.37,85.02
16.07,29.67,18.18,28.85,65.17,109.44
13.74,22.38,14.24,21.82,51.10,85.73
12.11,18.00,13.58,20.16,47.63,76.77
16.77,29.43,17.74,28.67,66.14,112.60
19.10,32.83,16.65,27.00,60.93,109.62
13.98,21.89,13.80,20.71,47.63,81.16
16.54,26.75,16.21,26.45,60.16,107.86
17.24,28.46,15.77,25.15,57.46,100.83
13.28,18.73,13.58,19.97,46.66,76.06
15.61,25.29,18.18,27.19,61.70,105.40
14.44,24.57,14.90,22.75,53.41,88.54
13.28,19.46,14.02,20.90,48.59,79.75
14.91,25.54,17.30,26.26,61.51,104.70
13.04,22.86,14.90,22.19,52.06,85.38
13.51,21.40,14.68,22.19,52.06,86.08
15.84,28.21,18.18,27.74,63.63,108.56
14.44,24.57,14.90,22.56,53.02,87.31
14.21,24.08,15.11,23.67,57.65,93.28
17.70,31.38,19.50,29.04,68.06,113.83
15.14,23.59,13.58,20.90,48.98,81.33
15.14,21.65,13.36,21.27,49.17,84.32
16.07,27.73,17.74,27.00,64.79,108.56
16.30,26.75,15.11,22.75,53.41,88.36
15.37,19.94,14.02,21.64,51.29,83.27
15.84,26.75,17.96,26.82,65.36,107.16
18.40,28.70,15.33,24.41,56.50,92.93
18.63,27.73,16.21,26.26,61.51,98.55
18.63,32.59,20.59,30.15,70.96,116.64
17.00,25.54,14.02,21.82,51.29,85.20
11.65,14.59,12.27,17.20,42.42,62.89
15.61,25.29,15.33,24.23,58.81,93.98
15.14,24.08,14.24,21.45,51.10,81.86
11.18,14.35,12.49,17.39,41.65,58.85
15.14,22.38,14.90,22.56,53.22,85.55
14.44,19.46,12.70,18.68,44.54,70.09
10.95,14.11,11.83,16.65,38.95,56.74
13.28,18.48,13.36,19.79,46.47,73.78
10.95,14.35,11.39,16.28,37.41,54.81
10.71,13.86,11.61,17.02,40.49,62.36
17.24,28.21,15.11,26.45,61.12,109.62
17.47,26.51,13.58,21.08,47.63,84.15
14.91,18.73,12.70,19.24,44.54,76.94
16.07,26.75,11.83,21.64,54.18,100.83
11.41,21.89,10.73,18.87,49.17,91.17
10.25,17.03,9.64,16.65,41.65,77.65
10.71,18.73,10.51,18.13,44.54,84.32
13.04,24.32,12.49,22.19,53.02,100.83
12.81,24.08,11.61,20.53,48.98,93.46
8.85,16.30,9.20,15.91,36.44,65.35
9.55,17.75,10.73,18.31,43.96,80.28
13.98,27.24,12.92,22.75,54.76,102.24
9.78,18.48,10.08,17.02,41.07,72.90
9.32,17.27,10.08,17.02,41.46,73.25
11.65,22.38,12.05,20.90,51.10,93.10
10.71,19.46,10.73,18.31,45.70,81.33
9.55,18.00,10.08,17.02,41.46,74.31
12.34,23.11,12.49,22.19,52.64,97.14
12.58,23.35,11.83,20.71,49.55,91.87
9.55,17.03,9.42,16.28,38.56,67.46
9.55,17.51,10.73,18.31,45.50,79.58
11.88,22.13,12.05,21.27,51.87,92.58
9.55,16.30,9.64,15.91,37.21,61.84
8.39,14.59,8.98,15.54,35.67,62.19
10.48,19.94,11.17,18.68,43.19,80.28
9.55,16.30,9.20,15.72,35.48,63.42
9.78,17.03,10.51,17.39,39.72,71.15
15.14,27.00,13.58,23.49,53.60,100.48
10.25,18.48,10.30,17.02,39.53,70.44
10.02,18.24,10.95,18.13,42.81,75.71
14.91,26.51,13.80,23.49,54.57,99.43
10.02,18.97,11.39,18.50,45.12,74.48
11.41,20.92,12.27,20.16,48.40,82.39
16.54,29.67,14.68,24.78,57.65,102.77
10.71,19.70,12.05,19.42,47.43,79.23
11.88,21.65,12.49,20.53,48.01,83.62
15.37,26.51,14.24,23.86,55.92,98.37
11.65,22.62,12.70,20.53,50.90,81.51
13.28,22.86,13.14,21.64,50.52,84.32
15.37,27.73,13.36,22.93,54.18,94.69
10.71,19.94,11.61,18.50,43.96,74.66
12.58,21.65,12.05,19.97,46.08,80.63
12.34,22.62,12.70,20.71,49.17,81.16
10.48,17.75,11.39,17.76,41.84,66.93
13.04,20.67,12.92,20.16,46.47,78.88
13.28,24.08,12.49,20.71,48.40,80.81
10.25,17.03,10.51,17.02,40.49,63.42
13.04,20.19,11.83,19.42,44.73,76.24
12.81,23.11,12.05,19.97,46.85,78.70
12.58,19.21,10.95,17.94,43.00,71.67
14.91,26.02,13.14,22.38,52.83,91.17
15.84,28.21,12.70,23.12,57.65,101.36
11.41,20.92,10.95,18.87,46.66,78.17
13.74,24.08,12.27,21.82,53.80,95.21
17.47,31.38,14.24,25.52,60.74,107.51
12.81,22.38,11.61,20.16,50.52,86.60
17.24,30.65,15.11,27.00,63.82,110.14
17.00,30.40,13.80,24.60,58.04,103.12
13.28,22.13,12.49,21.64,51.67,91.87
16.07,29.43,16.21,27.19,64.01,109.62
17.93,29.19,13.80,23.86,54.37,95.39
16.77,25.78,13.58,23.67,55.34,96.79
18.17,33.56,15.33,27.00,62.47,108.56
15.61,25.05,11.61,20.53,50.52,88.54
15.84,26.75,13.36,23.67,56.30,99.78
16.07,27.97,13.36,22.56,52.64,92.58
16.54,26.02,14.46,24.23,54.95,96.44
16.30,29.67,15.33,26.26,60.93,104.70
14.44,23.84,11.17,19.05,46.85,82.56
13.04,21.16,11.61,20.34,49.75,88.19
14.67,27.24,14.24,24.60,58.62,99.78
15.14,24.81,11.83,20.53,49.17,86.25
16.07,26.27,13.36,23.86,55.53,97.50
16.07,29.19,14.68,25.71,59.39,102.41
15.14,24.81,12.27,21.64,50.13,85.73
17.70,31.62,15.33,26.45,61.89,104.70
16.77,29.43,14.24,24.78,57.65,99.25
14.44,23.84,12.27,21.08,50.13,86.78
16.30,29.19,14.24,25.34,59.77,101.71
17.93,31.62,14.46,26.08,58.23,102.94
19.10,32.83,15.77,27.74,62.67,107.68
18.17,33.08,16.87,29.22,65.17,112.43
18.17,28.46,13.14,23.30,54.37,93.46
18.17,32.35,15.33,27.74,63.82,107.86
19.33,33.08,14.02,26.26,59.39,104.35
19.33,32.35,15.11,27.74,62.09,108.74
16.54,33.08,16.87,29.41,67.29,114.36
17.47,33.56,14.46,26.45,59.39,106.28
16.07,28.46,12.92,24.60,56.50,101.19
14.91,30.40,15.33,26.82,63.24,106.63
15.14,29.43,13.58,25.52,60.16,103.82
19.57,37.21,17.96,31.26,71.53,120.51
14.67,29.19,15.11,26.82,64.98,106.10
16.77,30.40,14.90,27.56,66.91,111.37
19.57,36.73,18.18,31.81,75.01,122.09
15.37,29.92,14.68,26.82,68.64,109.62
17.93,33.32,16.87,31.07,74.81,123.67
17.93,34.78,17.96,31.44,76.36,123.85
15.84,29.43,14.90,27.00,70.96,111.55
20.96,37.46,19.28,34.03,75.58,128.24
17.70,34.54,17.30,29.96,69.99,119.10
14.91,28.94,13.58,24.97,59.97,105.75
18.17,35.51,17.74,30.89,67.68,118.05
15.84,31.62,15.77,27.93,64.98,110.50
14.44,27.00,13.14,23.67,57.84,101.36
20.26,34.78,17.09,31.07,69.22,120.16
20.96,37.94,17.09,31.26,71.15,122.27
12.11,23.59,12.27,21.64,53.99,88.89
13.28,23.35,12.05,21.45,51.29,86.60
13.28,25.78,12.05,22.01,55.53,96.44
11.65,20.92,10.08,17.76,42.23,73.08
10.02,19.46,10.73,18.50,46.85,79.40
9.78,18.73,10.51,18.13,44.15,75.71
11.65,21.16,10.73,18.68,44.54,77.29
10.95,20.67,11.17,19.60,49.94,85.90
11.18,21.40,11.17,19.60,46.85,79.93
11.18,21.65,11.61,19.97,51.87,86.96
11.41,22.13,11.61,20.16,49.36,82.39
10.71,20.19,11.39,19.60,49.75,82.39
10.48,20.19,11.17,18.68,46.28,76.24
10.48,20.43,11.61,19.60,47.82,78.52
12.11,22.38,11.61,20.53,50.71,86.25
10.71,20.19,11.39,19.05,46.66,78.00
12.58,23.59,12.49,22.19,51.48,89.59
14.44,27.24,12.70,22.38,49.94,89.42
11.18,21.40,12.05,20.16,47.82,80.28
15.61,31.13,16.21,26.82,59.39,100.13
13.28,24.32,12.49,20.53,47.05,81.51
9.32,15.57,10.95,16.65,37.60,61.48
10.71,20.19,13.58,21.45,47.82,82.56
9.78,19.94,11.17,17.57,41.07,68.51
7.92,13.62,8.98,14.43,33.16,52.70
8.85,17.27,11.39,18.50,44.35,73.25
8.62,16.54,9.42,16.28,38.18,63.94
8.15,13.62,8.10,13.32,31.62,51.12
9.55,16.54,11.61,18.87,47.24,71.50
8.85,15.57,9.64,16.28,39.33,59.38
6.52,10.46,8.54,13.32,28.54,39.17
7.69,13.86,10.51,17.20,41.65,58.85
9.08,17.03,10.08,17.02,42.81,66.23
7.45,13.13,8.32,13.13,30.46,47.43
8.15,14.84,8.98,15.35,35.67,59.90
9.78,19.94,10.08,17.39,40.88,70.79
7.92,14.84,8.54,14.06,31.81,52.00
7.92,13.62,9.42,15.54,37.21,55.86
9.78,17.51,11.61,18.50,46.85,70.79
8.39,15.08,8.98,14.80,34.90,53.75
8.39,14.84,9.64,16.09,37.79,58.85
10.25,19.70,12.05,19.05,48.01,74.83
9.32,16.30,9.64,16.28,38.95,58.50
8.85,15.08,9.64,16.09,38.18,59.73
11.41,20.92,12.49,20.71,50.32,80.98
9.55,17.75,10.08,17.02,40.49,66.05
9.78,18.00,10.30,17.02,39.53,65.70
12.11,22.86,12.27,20.90,49.75,82.04
9.32,16.54,10.51,17.57,43.77,67.11
9.55,18.24,10.95,18.31,44.93,72.90
13.51,25.29,13.14,22.38,51.87,86.43
9.32,17.03,10.51,17.39,44.35,69.21
11.41,22.13,11.83,20.53,47.43,77.82
13.74,24.57,12.70,21.64,50.71,81.86
8.62,16.30,9.86,16.46,42.23,65.00
10.25,19.94,10.73,18.50,41.84,70.44
11.65,21.89,10.95,18.87,46.28,75.71
8.62,16.05,10.30,17.02,43.00,63.59
11.88,22.13,12.92,21.27,46.85,76.59
12.81,23.84,12.92,20.90,47.43,77.12
8.62,17.03,10.08,16.46,40.49,62.54
12.81,23.11,13.58,22.01,47.82,79.58
12.34,23.11,14.90,22.01,48.78,76.77
10.95,21.65,12.70,20.34,43.96,71.32
17.47,50.83,15.77,28.11,52.83,87.13
12.11,23.35,12.92,20.53,45.50,75.89
10.02,19.46,10.51,18.68,41.84,72.55
14.21,30.65,13.80,22.93,49.17,82.04
13.04,23.84,11.83,20.53,45.12,76.06
13.51,24.08,12.49,21.27,44.73,76.06
14.67,26.02,12.92,22.01,47.43,79.05
9.08,17.03,9.42,15.72,37.79,61.31
11.88,20.92,10.73,18.87,40.30,69.56
15.14,26.27,12.92,22.19,47.05,79.23
10.25,18.73,9.42,16.28,37.98,64.29
10.02,18.48,9.42,16.83,38.37,65.52
13.51,23.84,11.83,20.71,45.70,77.29
9.55,18.24,8.98,16.09,39.14,63.94
10.02,19.21,9.42,16.83,40.11,66.23
12.34,23.59,10.95,19.60,45.12,75.01
9.08,17.51,8.76,15.72,37.41,60.43
9.32,17.27,8.98,16.65,40.30,66.93
10.02,19.94,9.64,17.57,43.19,70.44
8.85,16.54,8.32,14.98,37.21,62.01
9.32,17.27,8.54,15.91,37.98,64.47
10.48,20.92,10.30,18.31,43.58,71.85
10.48,19.94,9.42,17.39,41.07,68.86
9.78,18.24,8.98,16.65,39.72,66.05
10.71,21.16,10.30,18.31,43.19,70.79
9.08,16.54,8.32,14.80,36.06,59.20
9.55,17.51,8.76,16.28,39.33,64.82
10.71,20.67,10.73,18.68,45.31,71.67
10.71,18.73,8.76,16.28,38.56,64.12
10.48,19.70,9.20,17.02,39.33,65.17
8.85,17.03,7.89,14.43,35.48,59.38
9.32,16.05,8.10,15.17,35.67,60.08
9.32,18.00,9.64,16.83,38.76,63.07
9.55,16.30,8.32,14.43,33.74,55.34
8.39,14.35,10.30,16.09,35.48,57.09
10.02,17.75,11.61,17.76,39.72,62.89
8.15,14.35,10.51,15.91,36.44,53.23
8.85,15.08,12.27,17.39,41.07,60.61
11.41,19.21,12.70,19.60,46.28,69.21
9.55,16.30,12.05,17.02,40.88,57.09
10.25,17.03,11.17,17.39,41.84,61.31
11.88,19.94,14.24,20.34,49.94,71.85
10.48,17.51,15.77,19.97,49.17,64.12
12.81,21.65,15.77,22.01,52.83,75.89
10.48,18.00,12.05,18.31,45.31,65.17
10.48,18.48,12.27,18.87,46.66,69.21
11.65,20.43,17.09,21.45,51.48,73.25
10.25,18.00,12.49,19.79,51.67,72.90
12.11,21.65,12.70,19.97,47.24,73.08
10.25,18.73,10.51,17.57,42.42,64.47
12.11,21.40,12.49,20.90,49.94,75.54
11.88,21.16,11.17,18.68,43.96,70.62
10.02,18.48,10.08,16.28,36.44,59.02
12.58,21.40,11.61,20.16,45.31,74.48
13.04,23.84,12.92,21.82,48.40,77.29
10.95,20.43,10.30,17.39,38.95,64.47
11.41,19.70,10.95,18.87,43.38,72.02
12.34,22.62,11.83,20.16,46.66,75.36
11.88,20.92,10.73,18.50,43.19,70.62
14.44,26.75,14.24,23.86,53.99,84.15
14.21,26.51,12.70,20.71,47.05,77.47
10.95,19.46,11.39,17.94,40.88,64.12
15.61,27.00,15.33,25.89,55.34,89.06
16.30,30.40,17.09,27.56,56.88,92.58
15.61,26.27,12.70,21.82,45.89,79.40
15.84,26.51,14.02,23.67,49.17,85.02
15.84,29.67,15.99,26.45,55.92,91.35
17.00,28.70,13.14,22.93,48.98,83.97
15.14,26.51,12.49,22.56,48.01,82.39
16.77,31.86,16.21,27.00,57.65,93.63
18.40,31.62,14.90,25.89,53.80,92.58
15.61,26.27,12.92,21.82,44.35,75.89
17.47,29.92,14.90,25.89,54.95,93.46
15.14,27.48,13.36,22.56,48.01,78.35
13.74,22.62,10.95,18.87,42.03,68.34
11.88,17.75,9.42,15.35,35.29,58.32
10.25,18.24,9.86,17.02,37.41,66.58
14.91,28.70,13.58,24.04,47.43,91.00
16.07,29.67,13.58,23.67,45.50,90.12
13.04,23.59,10.95,18.13,36.25,71.67
13.28,21.65,10.95,18.50,37.41,72.55
15.37,28.21,12.92,23.67,47.43,93.10
16.30,28.94,12.49,22.38,44.35,87.48
13.74,21.65,10.95,17.76,37.02,69.39
13.98,26.75,12.27,21.82,44.73,87.31
16.07,30.65,14.46,25.89,50.32,96.97
15.61,28.21,12.70,22.19,44.54,88.54
14.44,24.57,11.83,19.42,39.14,76.24
14.67,26.51,12.70,22.93,46.28,91.52
16.07,31.62,14.46,25.71,51.29,98.37
15.37,27.48,12.49,22.01,45.70,87.48
15.14,27.00,12.27,22.01,47.05,89.06
16.07,31.62,14.68,26.08,54.37,100.31
15.37,29.19,12.70,22.93,48.59,93.10
12.11,21.16,10.51,17.76,38.76,71.15
12.34,23.35,12.05,21.27,47.82,88.71
13.51,28.46,12.70,22.56,50.90,92.75
6.29,8.03,13.14,14.98,39.72,32.85
5.82,7.78,11.83,14.06,37.02,30.74
6.29,8.27,12.49,14.80,39.33,32.67
6.29,8.03,13.14,14.98,39.72,32.85
14.21,17.75,32.42,33.85,92.94,69.74
15.37,18.97,38.77,36.44,99.49,74.13
17.47,21.16,46.88,42.72,121.67,89.42
29.81,33.56,78.86,62.88,187.22,127.18
14.67,17.75,40.74,34.96,90.82,66.75
12.11,14.84,33.30,30.70,75.39,54.46
10.95,11.67,25.41,22.38,55.92,39.00
25.16,41.35,35.70,48.46,67.29,40.40
41.93,39.64,31.32,42.72,56.69,29.16
18.17,23.59,28.48,25.52,56.11,35.66
9.08,10.70,19.50,18.50,40.11,30.92
11.88,13.38,33.51,30.15,65.56,47.43
17.93,17.51,40.96,36.44,78.48,52.17
13.98,12.65,28.04,24.78,54.76,37.24
22.13,14.11,39.43,35.88,83.30,50.77
34.24,28.46,113.03,82.30,219.62,128.59
83.38,40.13,38.11,39.58,83.49,48.84
7.69,5.11,6.79,8.32,16.77,14.05
4.89,4.13,5.48,7.21,15.04,13.53
8.15,5.35,8.54,10.36,21.98,16.51
13.74,7.78,13.14,14.43,28.54,20.03
9.32,11.67,13.58,15.17,31.24,21.26
12.58,15.81,12.27,16.28,30.46,21.26
10.48,8.03,11.39,12.02,27.19,19.32
6.06,5.59,9.86,10.54,20.05,15.99
6.29,7.30,13.58,13.87,26.03,20.38
12.34,11.92,30.89,28.67,57.65,38.47
23.06,16.78,35.92,33.66,75.97,46.73
20.50,13.13,54.98,32.00,77.90,38.65
82.92,29.19,112.81,76.76,112.03,43.92
21.20,10.46,22.12,21.27,50.13,31.80
17.24,9.24,17.52,18.87,37.79,24.77
52.41,46.21,58.27,62.70,89.08,40.93
14.67,9.97,21.03,20.71,52.06,32.85
8.39,6.81,8.32,9.43,24.29,18.80
8.15,5.59,12.05,12.02,29.12,20.90
20.96,13.38,33.51,30.70,75.39,44.97
26.79,20.19,50.60,42.35,114.53,69.21
13.04,10.70,28.04,24.04,55.72,34.61
13.51,12.65,33.73,29.22,69.41,43.39
48.21,36.97,36.58,36.62,67.29,32.32
31.44,7.54,43.15,19.79,40.88,4.92
16.77,13.13,8.76,15.35,20.44,14.93
6.06,6.81,5.04,7.95,15.43,13.35
3.96,4.62,3.07,5.73,12.73,10.72
4.66,4.86,3.72,5.92,12.73,11.59
5.36,5.35,6.35,7.58,13.69,11.95
6.06,6.08,11.39,11.84,21.02,16.16
6.06,8.27,15.33,14.43,19.86,14.93
5.36,5.84,10.08,10.91,18.90,15.46
7.69,7.05,11.61,12.76,22.56,17.57
9.32,8.51,14.02,15.72,27.96,21.08
14.21,13.38,25.63,27.74,44.93,32.50
14.91,16.30,28.26,29.96,49.55,36.89
17.93,13.86,25.85,25.71,49.17,32.50
20.50,13.13,30.45,30.52,64.40,40.05
24.69,19.46,28.48,33.48,59.58,42.16
23.29,20.92,17.96,23.12,39.53,30.04
10.48,7.78,13.36,12.58,24.87,17.39
11.65,8.51,6.79,9.62,20.44,14.93
5.59,3.89,4.16,5.73,12.92,11.77
3.49,2.92,3.07,4.44,10.80,10.36
4.89,4.13,3.94,5.73,14.27,11.24
6.52,5.11,5.26,7.03,16.77,12.65
8.85,7.54,6.35,8.69,18.70,14.40
10.95,9.00,8.32,12.58,17.55,10.89
10.95,7.05,9.86,11.10,17.55,7.73
12.34,6.57,10.51,11.65,18.90,7.55
16.30,8.51,14.24,15.54,23.52,8.78
28.18,18.24,20.59,28.67,38.37,18.62
33.31,23.35,19.28,30.52,39.33,21.78
29.35,22.62,21.69,30.52,42.81,23.72
13.28,16.78,19.71,20.71,28.34,19.50
13.51,16.78,19.71,16.09,18.51,12.12
11.18,14.35,15.99,12.21,14.46,9.31
6.99,11.43,13.80,14.43,16.97,14.76
5.82,6.57,8.76,10.91,17.55,15.46
7.45,7.78,10.08,12.02,19.09,16.34
10.95,6.81,14.46,14.06,17.74,14.58
8.62,4.86,9.42,10.17,13.69,13.35
7.22,3.65,7.01,7.58,12.53,13.70
7.22,3.89,7.45,7.40,14.27,13.88
6.99,4.86,9.86,8.32,18.51,14.93
6.75,5.11,9.86,7.95,19.09,14.76
13.28,14.35,19.93,23.30,32.39,18.27
18.63,20.19,23.44,27.00,38.37,20.73
18.87,15.08,16.65,20.34,35.67,20.73
21.43,13.62,15.99,19.42,36.83,21.78
15.84,14.11,11.39,15.17,27.57,17.22
9.08,8.03,5.70,9.25,18.70,13.35
6.52,5.59,4.38,7.40,15.04,10.89
6.29,4.62,4.38,7.03,15.04,8.78
6.06,3.89,5.26,6.84,15.04,6.85
5.12,3.65,5.26,6.29,13.50,5.97
5.82,3.65,6.35,7.03,15.62,6.15
6.06,3.65,5.91,6.66,14.46,5.80
6.06,3.16,6.13,6.29,14.46,4.57
5.59,2.19,6.13,5.92,12.53,2.99
5.36,1.70,6.79,5.92,11.57,2.46
5.36,2.68,8.76,7.21,11.76,3.16
6.75,5.59,9.86,9.25,12.34,5.80
3.73,7.78,8.32,8.88,12.53,11.95
3.26,6.57,8.98,9.62,13.11,12.82
4.66,6.57,8.98,10.54,16.20,14.76
7.22,7.30,11.83,11.65,21.40,17.04
12.34,7.54,22.12,16.09,32.01,21.08
18.63,11.43,27.16,20.71,38.37,24.42
16.54,13.62,19.71,22.38,38.56,25.82
10.25,10.22,18.40,20.71,32.39,23.19
16.77,16.78,20.59,23.67,34.51,19.67
13.51,10.94,10.51,12.76,26.22,17.92
22.83,18.48,29.35,30.33,34.90,14.05
30.75,22.86,26.72,33.48,37.21,17.92
19.10,18.48,14.24,22.75,29.50,17.92
10.02,13.13,10.51,13.50,23.33,17.57
5.36,6.57,8.98,10.17,19.09,17.04
6.06,6.57,12.70,13.69,25.64,20.90
17.24,11.67,18.40,19.97,40.30,27.93
15.61,10.46,18.18,19.24,38.95,26.53
9.55,9.24,18.40,19.79,32.78,23.36
9.08,9.49,18.84,20.16,33.74,24.77
10.48,11.67,19.06,21.45,34.13,26.17
16.77,13.86,23.00,21.82,41.65,25.82
13.74,12.89,17.09,20.16,35.67,27.05
9.32,7.54,11.39,11.47,23.91,19.32
4.89,4.38,8.32,7.40,17.16,14.76
4.19,4.62,6.79,6.84,14.08,12.82
2.80,3.89,5.26,5.92,14.27,13.18
2.33,3.16,3.72,5.36,14.27,14.05
2.10,3.16,3.29,4.99,13.69,13.70
2.56,4.86,3.72,6.47,14.46,12.30
6.29,5.84,7.89,10.54,16.58,7.55
6.75,7.30,7.45,12.02,16.77,9.84
5.36,8.51,7.01,10.17,16.97,14.40
4.19,7.78,9.20,11.47,18.12,16.69
6.06,5.11,7.45,10.73,21.60,16.86
10.71,17.75,25.41,28.30,34.32,19.15
13.51,20.67,27.16,30.70,38.76,21.96
20.73,20.67,23.44,29.04,42.61,26.00
17.24,12.16,10.08,13.87,29.69,24.59
4.89,8.03,13.58,16.83,27.38,24.42
7.69,10.94,16.65,19.97,30.08,25.12
7.22,8.51,20.81,15.17,29.89,21.78
12.34,7.54,21.03,18.13,24.68,19.32
4.43,4.38,10.51,7.40,20.44,17.39
3.03,4.13,4.16,6.84,18.32,18.27
2.80,4.13,3.72,6.66,18.12,18.27
3.03,4.13,4.16,6.84,18.51,18.09
7.69,9.97,4.16,11.47,16.20,12.65
3.73,8.51,4.82,7.77,16.97,16.86
3.03,4.86,5.04,7.58,17.74,17.57
3.03,4.86,5.91,8.51,18.12,17.39
7.22,8.51,8.32,12.21,25.45,17.92
4.66,18.48,35.49,35.14,34.32,18.80
4.89,18.24,37.68,37.18,36.64,20.03
6.29,24.57,51.04,49.57,48.20,25.47
16.54,45.48,75.79,72.69,68.64,33.73
33.07,15.08,33.30,22.75,38.18,25.65
4.66,6.57,9.42,12.95,28.54,25.82
5.59,8.03,12.92,15.35,28.34,25.82
4.89,6.81,8.10,11.65,28.34,25.65
5.36,7.30,6.79,10.73,27.38,24.77
3.96,5.59,5.04,8.69,24.10,22.49
3.26,4.38,4.16,7.21,20.63,19.85
2.80,4.13,3.94,6.66,18.32,17.92
6.99,9.49,3.72,10.36,16.58,12.65
6.52,8.27,3.94,10.17,15.81,12.47
3.26,7.78,4.82,7.77,17.35,17.57
3.49,6.08,5.70,9.06,21.40,20.73
3.03,5.59,4.38,7.58,19.47,18.45
4.89,19.21,32.86,33.29,31.04,17.39
4.19,18.24,35.70,36.25,33.74,18.97
7.45,27.97,49.07,49.01,50.52,26.70
30.98,18.73,14.02,21.82,58.62,41.46
18.63,23.59,28.26,42.54,113.76,87.83
35.40,18.73,74.26,40.87,89.27,48.31
7.45,9.00,16.21,15.17,40.30,30.92
6.75,9.00,12.92,16.09,38.56,32.85
6.29,8.27,8.98,13.13,32.97,28.63
4.66,6.08,6.13,9.43,24.68,22.84
2.33,3.65,3.50,5.92,16.00,16.69
2.10,3.16,3.29,5.73,15.23,15.81
4.66,8.76,4.16,11.10,18.12,14.40
9.78,11.67,4.60,13.50,18.70,13.70
3.49,8.03,5.70,9.06,20.63,19.67
3.26,5.11,5.48,8.69,22.17,20.90
4.66,4.86,5.70,8.88,25.64,20.90
7.22,23.59,47.31,45.13,45.12,22.84
9.08,32.10,76.01,69.91,67.68,31.62
58.46,64.70,69.00,71.39,99.30,50.07
17.00,19.21,20.15,31.63,78.28,64.29
23.06,27.24,46.44,52.71,112.03,86.78
12.81,17.51,41.18,43.46,67.10,53.93
7.69,12.16,14.02,18.13,31.24,27.58
4.89,7.54,8.76,11.47,21.02,20.20
4.43,6.57,8.10,11.10,22.56,21.26
4.43,6.08,6.35,10.36,27.38,24.94
5.12,7.05,7.23,11.84,30.46,27.58
4.89,7.30,7.45,11.65,29.31,26.53
3.96,5.84,5.70,9.25,24.29,22.66
3.96,5.35,5.70,8.88,23.33,21.61
4.43,6.32,7.45,11.47,28.54,25.65
6.06,8.76,12.49,16.46,37.21,32.50
6.75,10.46,13.80,17.94,39.91,34.78
6.52,9.49,11.39,15.35,36.06,31.97
4.19,6.08,7.45,10.17,22.17,20.38
9.08,12.40,17.30,19.79,28.15,17.22
7.22,10.70,16.65,18.31,26.61,15.99
7.45,10.94,17.52,18.87,27.57,16.16
8.62,8.51,8.76,11.10,22.95,16.34
3.26,4.86,5.91,7.77,16.58,15.63
4.43,6.32,5.91,7.95,16.77,15.99
5.12,5.84,6.79,8.51,18.70,16.51
4.19,5.11,6.35,8.51,17.55,16.51
3.26,4.86,5.04,7.40,16.39,16.34
2.80,4.13,4.38,6.66,15.62,15.46
2.80,7.78,8.10,10.17,15.62,15.46
2.80,6.81,7.67,9.80,16.00,15.46
3.03,8.27,7.45,9.43,16.20,15.81
3.03,4.62,4.82,7.40,17.16,17.04
3.26,4.86,5.04,8.32,16.97,17.04
9.32,7.05,10.73,13.50,11.76,15.99
6.52,9.73,4.82,8.32,3.47,9.31
6.06,10.22,5.04,9.99,3.66,10.54
10.95,12.65,12.49,17.39,10.41,17.04
10.25,7.78,15.33,15.54,17.55,17.74
7.45,6.32,15.77,13.69,21.98,17.92
11.41,14.35,22.56,25.34,25.26,17.22
7.69,15.81,22.12,27.93,19.09,15.99
7.22,14.59,21.25,27.00,18.51,15.81
7.45,13.38,17.52,19.60,27.19,16.16
7.45,7.30,7.45,9.99,21.60,15.63
8.39,6.81,6.57,8.88,20.82,15.46
11.41,8.03,8.54,11.84,20.05,9.66
8.62,6.81,7.45,9.99,16.39,8.26
8.62,7.30,5.48,9.99,16.20,11.42
6.99,7.54,4.82,8.14,15.62,13.35
6.29,7.54,6.79,9.06,16.00,14.58
4.66,10.70,12.92,13.69,15.43,13.18
10.48,16.54,21.03,18.68,20.44,15.63
8.62,16.30,20.15,19.42,20.25,17.39
10.02,18.73,23.22,23.12,22.95,18.97
5.82,12.89,17.52,16.28,18.90,15.11
10.02,11.43,4.38,9.99,5.21,10.36
9.08,9.49,4.82,10.17,5.59,11.24
10.48,11.43,6.35,12.58,5.78,12.30
12.34,15.57,8.76,17.02,6.17,13.35
13.74,15.32,15.33,21.08,10.80,15.81
15.84,22.13,32.42,36.25,29.50,18.80
10.48,18.48,25.85,27.37,32.97,17.92
8.15,11.92,16.21,17.94,27.19,15.81
8.15,9.97,14.02,16.28,26.42,15.63
10.25,11.43,10.08,13.87,24.68,15.11
5.36,7.78,6.57,8.88,17.74,15.81
7.22,7.05,6.79,9.43,18.90,16.86
6.29,5.84,6.13,8.88,17.35,16.16
4.43,6.32,5.91,9.06,16.77,16.34
3.03,5.11,5.48,7.95,15.81,15.46
3.49,9.97,11.61,13.32,16.20,15.81
3.73,6.32,7.45,10.54,17.74,17.04
4.66,7.54,8.98,12.21,19.47,18.27
21.20,21.89,11.39,22.75,8.87,15.81
6.99,5.84,6.57,7.40,5.78,3.86
5.82,6.08,6.35,6.84,5.40,4.22
5.12,9.00,6.35,7.03,5.21,6.32
6.99,12.40,7.01,11.65,5.01,9.13
17.00,19.94,16.43,25.71,9.06,15.11
23.29,32.10,29.35,41.98,20.05,21.61
14.21,27.97,37.02,39.02,42.23,21.26
13.28,20.19,30.67,32.55,37.60,19.67
12.34,22.62,30.89,33.11,39.53,20.38
15.37,9.49,13.58,15.17,27.57,20.73
10.95,7.05,15.99,17.02,34.13,23.72
8.39,8.27,14.24,15.54,33.36,24.07
12.34,9.24,20.15,20.16,39.72,26.70
9.32,9.49,20.15,18.87,38.56,29.16
8.15,10.46,20.37,19.79,42.42,33.20
8.85,10.70,23.66,22.75,43.77,33.55
10.25,11.92,22.56,23.86,38.95,30.04
20.03,11.67,48.85,43.83,38.76,25.30
20.96,26.02,14.24,25.34,11.38,16.86
26.09,25.54,23.66,31.81,17.16,20.20
26.09,22.38,26.72,32.55,18.90,21.26
28.88,20.43,36.58,35.88,29.31,23.72
33.54,29.67,28.48,39.02,21.21,23.19
23.29,30.65,15.33,28.85,12.15,18.80
19.57,23.84,30.23,37.18,28.34,19.85
9.55,19.46,30.67,31.81,34.71,18.62
9.78,19.70,28.70,30.52,36.25,19.15
14.21,21.16,29.13,31.07,39.72,20.55
17.47,14.84,10.73,13.87,27.77,18.97
7.45,8.76,14.68,17.02,28.54,21.26
8.39,11.43,9.20,12.39,23.91,18.97
11.65,10.94,14.68,16.65,32.78,23.54
9.78,10.46,20.15,20.16,37.02,28.46
8.39,10.22,20.59,21.08,39.53,31.27
11.88,13.62,30.01,29.96,54.18,40.58
13.04,15.32,27.60,28.30,49.55,37.07
17.93,18.00,66.15,44.94,82.53,44.62
29.81,43.54,26.29,28.48,20.82,15.63
14.44,19.46,10.51,18.87,8.10,13.70
14.44,14.11,15.99,18.68,12.73,16.34
15.37,8.76,21.25,17.57,24.29,18.45
26.09,25.05,49.94,48.83,52.06,24.94
19.10,38.43,74.70,70.84,67.87,30.57
12.81,25.29,40.74,41.06,42.03,20.38
11.65,16.30,20.59,23.49,30.85,17.74
7.92,12.40,17.52,19.79,27.38,15.63
7.69,12.40,18.84,21.64,27.77,13.88
11.18,15.32,12.92,17.76,26.42,16.34
5.36,9.97,8.76,11.65,19.67,17.04
6.52,7.30,8.76,11.28,21.40,18.45
8.62,8.03,10.51,12.95,20.25,17.92
3.96,6.08,8.32,10.54,18.51,17.57
3.73,5.59,7.89,9.80,18.51,17.74
5.82,9.00,14.24,17.94,26.80,23.54
13.51,16.78,23.00,27.19,36.64,28.99
34.70,37.46,20.15,34.96,13.69,20.38
29.35,28.94,27.82,34.40,19.47,21.61
23.76,14.35,30.67,28.48,28.54,22.49
30.98,25.78,32.42,40.50,19.47,24.07
20.03,35.02,17.52,34.77,8.68,18.80
26.55,42.32,26.94,45.13,16.77,24.07
16.30,19.70,20.15,23.12,31.62,18.80
10.02,13.13,17.09,19.97,28.73,17.39
11.65,15.08,19.50,22.56,31.43,18.62
14.44,17.27,18.18,22.01,31.81,19.15
5.36,6.81,7.89,10.73,19.09,17.22
8.62,9.97,7.89,11.10,19.28,18.27
6.06,6.57,5.48,8.32,16.97,16.86
3.26,5.35,3.50,6.47,14.27,14.58
2.80,5.84,7.67,10.54,15.62,15.99
16.54,25.05,29.35,26.45,27.77,19.67
6.75,18.24,16.87,18.68,21.02,19.50
3.73,6.57,6.57,9.80,17.74,17.57
5.12,8.51,20.37,15.91,26.42,19.67
18.87,29.43,10.08,18.87,7.71,14.40
18.87,25.05,16.21,29.59,9.64,17.39
24.92,20.67,26.50,29.59,22.17,21.78
34.24,20.67,39.87,41.61,36.44,30.39
41.23,44.27,38.55,52.53,27.57,31.97
33.31,28.94,37.68,41.61,35.86,24.07
17.93,18.48,17.30,19.24,29.50,19.32
11.18,11.67,14.46,18.31,27.96,18.09
10.25,16.78,27.38,28.48,33.94,17.92
7.92,11.67,23.22,23.49,28.92,12.30
7.45,8.76,11.39,12.95,24.10,12.65
7.69,7.30,5.26,7.77,16.77,13.53
10.25,8.27,9.86,12.21,18.12,8.08
17.47,11.19,19.06,21.64,26.61,11.95
20.50,25.29,16.21,26.45,32.20,23.36
14.44,23.11,18.62,24.41,34.71,25.12
10.02,21.89,19.93,21.64,36.25,28.11
7.45,9.49,17.30,17.20,32.39,25.47
6.29,8.51,15.33,17.20,29.12,24.24
13.04,15.32,22.34,26.45,41.65,32.15
12.81,15.57,30.01,26.82,49.55,33.73
23.52,21.40,52.13,39.95,75.39,45.85
20.26,22.13,28.70,34.40,51.10,39.00
13.98,20.67,49.07,47.53,69.61,47.08
52.64,27.24,98.13,61.22,122.44,68.86
14.44,19.21,41.84,43.09,64.79,48.84
13.98,16.30,33.30,34.40,57.84,41.63
14.44,15.08,32.86,29.96,60.35,40.93
14.21,10.94,25.19,22.56,50.13,34.96
11.88,11.43,27.16,25.15,53.02,35.66
20.73,11.19,25.85,23.49,58.42,36.36
19.10,10.46,26.72,24.23,63.24,36.89
20.03,14.59,36.14,30.33,74.04,45.67
13.74,14.35,32.42,27.19,68.26,46.55
11.88,12.89,32.64,28.67,65.36,46.03
18.87,20.19,53.45,49.01,93.71,64.65
34.24,30.40,64.40,62.51,117.23,74.66
156.99,112.12,134.06,157.95,99.49,63.24
131.60,120.64,139.10,162.20,99.88,65.88
202.87,172.68,247.31,269.29,163.12,96.27
152.56,195.79,231.75,245.99,134.78,86.25
60.33,40.13,46.66,52.90,86.19,43.21
33.07,21.65,17.52,21.45,49.55,32.32
7.45,7.78,9.42,12.95,34.13,27.40
9.55,6.81,8.32,12.95,32.59,28.99
16.07,21.40,47.53,45.68,103.93,76.24
26.55,33.08,77.76,71.58,159.07,113.83
29.58,35.27,90.03,78.97,194.17,134.74
30.05,34.78,80.17,71.58,188.38,128.94
28.42,31.62,81.92,67.88,166.01,108.56
34.01,34.78,88.93,72.32,180.09,117.17
31.91,31.62,86.31,68.43,176.04,112.25
23.52,24.32,62.65,50.31,120.32,77.47
20.26,20.19,56.08,44.39,96.99,61.84
10.02,12.40,28.70,26.26,54.37,40.58
7.22,9.49,16.87,17.39,40.68,33.73
5.82,7.78,13.36,14.24,34.13,28.99
5.12,6.81,11.39,12.58,30.46,26.35
4.66,6.57,8.76,11.10,28.73,24.94
4.43,6.08,7.45,10.54,27.19,23.89
4.43,5.59,6.35,9.62,25.26,22.49
5.12,5.11,5.91,9.06,24.10,21.43
4.43,5.11,6.13,9.25,24.10,21.61
3.96,5.11,6.57,9.06,23.52,21.43
3.26,4.86,5.91,8.51,21.60,20.03
3.03,4.38,5.48,8.14,20.44,19.15
3.49,4.86,5.91,8.69,22.17,20.55
3.26,4.86,5.91,8.69,21.79,20.20
3.26,4.86,5.91,8.69,21.79,20.20
3.26,5.11,5.91,8.69,21.79,20.20
3.26,4.62,5.91,8.69,21.40,19.85
3.26,4.86,5.91,8.88,21.79,20.20
3.26,4.86,5.91,8.69,21.79,20.20
3.26,4.86,5.91,8.69,21.40,20.03
3.26,4.86,5.70,8.69,21.02,19.67
3.49,5.35,6.35,9.99,24.29,22.31
3.26,4.86,4.60,7.77,18.32,18.09
2.33,3.41,3.29,5.92,15.04,15.63
2.10,3.65,3.29,5.92,15.62,16.34
2.80,4.62,5.70,8.51,19.86,19.50
6.29,7.30,13.36,14.98,26.22,21.08
7.45,6.08,10.73,11.65,23.72,18.62
4.66,6.08,11.17,12.39,22.75,20.90
4.19,5.59,8.98,10.17,20.44,18.80
4.43,5.84,11.83,13.13,22.95,20.38
5.59,7.30,13.14,14.24,25.07,20.38
5.82,6.81,11.61,12.76,22.37,18.09
6.75,8.27,14.68,16.28,27.57,21.78
9.55,9.73,17.52,19.05,31.43,24.24
7.92,9.73,15.99,17.94,29.31,22.49
13.04,12.16,17.96,21.64,37.02,27.05
14.91,18.00,27.16,33.85,44.35,35.13
58.70,75.40,38.11,72.87,14.65,30.39
100.62,86.59,129.02,107.27,102.77,55.16
15.61,13.62,18.62,20.90,35.86,26.70
6.99,10.22,40.09,41.80,53.80,41.63
37.97,95.83,108.43,52.53,28.92,9.84
10.48,29.67,29.57,18.13,13.30,5.97
4.89,13.86,8.32,11.10,20.44,18.97
12.34,11.43,17.30,17.39,21.98,5.27
8.85,2.92,22.78,17.57,23.72,3.34
3.96,6.32,7.01,10.17,25.26,23.54
4.43,6.32,8.54,11.47,29.31,26.88
17.47,17.75,42.93,42.35,44.93,22.66
5.82,21.65,46.88,43.65,41.65,20.55
6.99,20.67,35.27,34.96,32.59,17.57
1.63,7.05,17.96,17.02,15.81,7.55
4.19,16.05,33.08,30.70,30.46,14.23
3.73,14.59,35.70,33.29,32.78,15.63
3.49,13.86,32.64,31.07,30.46,15.46
3.49,14.35,35.49,33.48,32.59,16.16
6.75,5.59,6.57,8.69,21.21,20.73
18.87,21.16,56.73,54.38,55.53,24.59
9.08,28.70,59.36,54.75,54.18,31.97
9.55,39.64,67.47,64.73,63.82,40.93
27.48,53.99,15.55,30.70,51.29,62.36
11.41,21.16,18.62,22.93,51.87,63.24
14.67,22.38,28.26,31.26,76.16,80.10
14.21,22.86,22.34,28.85,67.87,76.42
47.05,45.00,55.64,59.74,87.73,66.05
31.91,44.75,42.28,50.86,70.19,59.55
23.76,24.08,11.83,19.05,45.12,54.46
8.62,15.32,12.92,19.05,37.41,51.65
11.88,19.46,18.62,26.63,48.98,60.43
13.28,22.13,22.78,30.89,56.69,66.23
12.81,20.43,22.78,29.04,55.92,65.00
13.74,21.40,25.63,31.63,61.70,67.98
13.51,20.92,25.41,31.07,61.51,66.75
13.28,20.43,24.10,29.78,59.00,63.59
11.65,19.21,20.15,25.15,48.98,55.16
11.18,17.03,20.37,24.97,47.05,51.30
10.25,15.57,18.84,23.12,44.73,48.13
9.55,14.84,18.40,22.38,43.96,47.78
11.18,17.03,23.00,26.45,51.87,51.82
10.48,17.03,21.69,24.78,47.82,45.50
10.25,16.54,22.78,25.52,47.63,44.09
9.78,14.11,20.81,24.04,46.08,42.34
9.32,13.86,22.34,25.34,47.05,42.34
16.30,18.48,28.70,30.15,53.41,45.50
16.30,13.38,23.66,25.15,48.40,37.77
13.28,13.38,23.66,26.08,45.31,37.42
12.11,17.27,28.04,32.18,56.30,49.54
14.91,21.89,32.42,41.24,91.01,77.65
21.89,31.13,39.87,53.08,132.85,108.39
14.91,22.13,23.00,32.74,78.48,69.56
8.62,13.86,14.90,20.16,46.08,46.73
9.55,14.35,16.65,23.30,60.54,62.36
12.81,19.70,21.25,30.15,71.15,77.65
14.67,25.05,20.59,30.33,72.69,89.24
10.02,15.32,33.08,35.88,62.86,49.01
20.96,30.65,60.90,54.01,112.03,109.79
18.17,25.78,35.49,39.02,84.07,91.00
17.00,24.57,29.57,40.32,100.65,100.48
23.52,33.56,37.46,55.12,147.50,132.45
20.26,29.19,27.16,41.24,108.17,101.01
13.74,19.70,21.90,28.85,69.99,72.90
11.18,17.03,21.69,24.60,56.30,65.00
11.41,18.00,19.06,24.41,57.84,71.67
11.18,18.73,22.56,27.19,58.04,71.50
12.11,20.67,18.40,27.37,69.80,80.28
13.74,22.38,33.95,36.25,76.55,82.56
11.41,19.70,19.06,24.41,58.04,70.44
10.95,15.81,24.75,25.15,56.50,63.24
11.88,17.27,19.71,25.15,59.00,65.17
12.34,19.21,19.71,28.11,71.15,72.73
15.14,21.65,21.03,32.74,87.73,84.67
14.21,21.40,18.84,29.41,78.67,78.88
13.51,19.94,18.84,29.22,76.93,77.12
19.57,27.48,30.67,47.53,130.15,115.77
16.54,24.08,23.44,33.48,85.42,83.27
15.84,22.38,29.79,34.40,87.15,85.73
10.95,18.73,12.92,20.71,54.57,66.75
37.03,40.13,77.54,80.45,92.36,65.88
13.98,61.78,88.50,87.11,81.75,60.78
17.70,47.43,36.14,42.91,59.97,56.74
8.85,16.05,11.83,17.57,37.79,57.80
9.32,14.84,13.14,17.76,38.95,57.27
8.62,14.35,10.08,15.54,37.21,52.70
7.92,12.89,8.98,15.17,38.18,51.30
11.65,18.24,13.80,21.27,50.13,60.08
11.65,18.00,12.70,20.16,48.59,58.50
8.85,14.11,9.20,15.54,39.72,51.82
8.39,12.89,9.20,15.17,37.21,51.47
7.69,13.38,10.73,16.28,39.14,56.92
8.39,16.78,9.86,16.83,40.88,64.12
10.95,16.05,10.73,17.76,45.89,65.17
18.87,23.35,14.68,23.30,57.07,68.34
14.21,17.75,12.05,19.05,47.43,68.69
8.85,17.03,12.49,19.60,46.28,72.20
8.85,16.30,11.17,18.31,44.73,69.21
9.08,16.54,10.95,17.39,44.35,70.79
7.69,13.62,10.30,16.46,40.68,62.01
8.39,14.11,9.42,15.91,40.68,62.54
8.85,14.84,9.64,16.83,43.58,63.59
12.34,25.78,37.46,43.83,53.02,66.23
11.65,18.24,12.70,20.16,48.78,66.93
9.78,16.30,10.30,17.76,47.05,68.51
9.08,14.59,10.08,17.20,44.35,67.28
9.08,15.32,12.27,19.24,49.17,72.55
10.25,19.21,12.70,21.45,54.95,83.62
9.32,17.27,12.92,21.08,53.60,80.10
18.63,18.97,13.80,22.93,60.54,78.00
20.96,32.59,19.50,30.52,66.14,80.98
9.55,18.48,13.58,21.82,51.10,83.27
10.48,18.73,13.80,21.64,54.37,86.60
10.48,16.54,16.43,22.75,54.95,80.81
10.02,16.05,13.36,20.34,49.94,75.36
9.08,15.08,11.17,18.31,47.63,70.09
10.48,16.78,12.70,20.90,52.25,72.90
10.48,16.78,12.27,19.79,49.17,70.44
8.85,14.59,9.42,16.65,44.54,67.28
7.92,12.89,8.98,15.54,41.07,67.46
6.99,13.38,9.20,15.72,39.72,67.46
6.99,13.86,9.64,16.83,40.68,70.97
6.75,13.38,9.20,16.28,42.42,70.62
6.75,13.38,9.64,16.83,42.03,70.27
13.04,14.59,10.73,18.68,50.32,70.44
13.04,15.32,10.08,17.76,46.85,70.62
6.99,13.62,9.42,16.65,41.65,71.50
7.22,14.11,10.08,17.57,43.00,76.24
7.22,13.62,9.64,17.02,43.38,73.43
7.69,13.86,9.42,16.65,43.96,74.13
7.45,12.40,8.76,15.35,42.23,67.63
8.15,14.11,10.08,17.02,43.19,66.93
8.62,16.78,12.49,18.87,42.81,66.23
8.15,14.35,9.20,16.28,42.23,67.46
7.45,12.65,9.20,16.09,42.81,72.73
7.92,14.84,10.73,18.68,47.24,83.79
7.92,14.59,10.95,19.42,49.36,84.50
18.17,22.38,21.90,33.29,71.15,86.96
20.50,49.86,44.69,55.49,83.10,86.60
15.37,16.05,11.83,20.16,52.83,85.38
7.92,15.08,10.95,18.87,48.40,80.98
7.92,14.84,10.95,18.50,46.47,78.00
8.15,13.86,10.51,17.94,47.82,74.31
8.85,14.84,13.14,21.45,53.99,75.01
14.21,36.48,48.63,53.82,69.03,80.46
8.85,14.84,10.51,17.76,47.43,70.62
7.45,13.38,10.30,17.39,44.54,75.54
7.69,15.08,10.30,18.50,49.36,85.73
7.69,15.08,11.61,20.16,52.64,87.66
21.89,59.35,89.37,95.81,100.65,92.58
19.33,70.05,57.39,66.77,101.42,98.02
9.08,16.05,12.92,21.45,54.37,89.42
8.85,15.08,14.90,22.19,50.13,81.51
8.39,13.38,12.49,19.42,49.17,74.31
8.85,15.08,13.58,21.08,52.83,74.83
10.71,31.38,37.68,42.72,52.25,71.32
8.85,14.59,11.17,18.50,48.20,73.43
8.15,13.38,11.39,19.05,50.13,80.28
8.62,15.32,13.36,21.45,58.42,93.81
7.92,15.08,11.17,20.16,54.37,87.83
8.62,14.84,12.49,21.27,58.04,90.12
28.18,34.78,42.06,52.53,91.39,92.93
22.83,25.05,14.46,23.86,64.40,87.83
7.69,14.11,11.39,19.24,45.89,80.98
6.75,12.16,10.73,17.57,42.42,77.82
6.29,10.94,8.76,15.17,39.14,68.51
5.82,10.22,7.89,14.06,38.18,63.07
6.52,11.43,9.20,15.54,38.76,62.89
12.58,27.24,26.50,27.37,39.91,55.86
6.52,11.67,8.32,14.43,37.79,62.01
6.06,9.97,8.10,14.43,39.91,65.52
6.52,11.67,9.86,17.02,44.93,75.54
7.22,12.89,10.95,19.42,50.52,86.60
16.07,18.24,21.25,33.11,74.04,93.63
20.26,35.75,27.82,39.58,77.13,91.52
7.22,14.59,12.27,20.34,49.94,87.66
7.22,13.38,11.61,18.50,45.50,80.63
6.29,10.46,8.10,14.43,39.14,66.40
5.59,9.73,7.45,13.50,36.25,60.78
5.59,9.73,7.67,13.32,34.51,58.32
5.12,9.00,7.01,12.58,34.13,57.97
5.36,8.76,7.67,13.69,36.25,62.54
5.59,9.73,9.42,15.72,39.33,68.51
5.82,11.19,9.42,16.46,42.61,74.48
6.06,11.43,9.86,17.20,42.23,74.66
9.32,10.94,9.64,17.57,49.36,73.43
8.62,10.46,9.64,16.65,42.61,73.43
5.36,9.73,8.76,15.35,39.53,67.81
6.06,9.97,9.86,15.54,37.41,65.00
5.36,9.00,7.67,13.32,35.48,60.25
4.89,8.51,7.23,12.76,33.74,55.34
5.36,10.70,9.86,14.80,33.74,54.28
5.12,9.00,7.45,12.95,35.29,57.09
6.06,9.97,9.42,15.54,39.53,66.23
6.52,11.19,11.83,18.13,43.77,75.01
6.52,12.40,10.51,17.57,45.70,77.47
6.75,12.40,10.73,18.13,45.31,78.17
7.45,13.62,11.61,18.87,48.01,80.28
12.58,13.86,11.83,19.42,51.29,81.33
6.75,12.89,10.30,17.94,46.85,78.00
6.75,12.40,11.39,17.57,42.23,74.48
6.06,10.94,9.20,15.54,37.98,66.58
5.82,9.97,7.89,13.69,37.02,64.29
6.06,10.70,8.10,14.24,37.79,63.42
6.29,10.94,8.10,14.24,38.56,63.77
6.29,10.70,8.10,14.43,39.91,66.93
7.22,12.40,10.08,17.39,44.73,77.82
7.92,15.57,10.95,19.97,53.80,91.52
8.39,16.78,12.92,22.19,56.69,97.14
16.30,18.97,13.80,24.04,65.17,101.89
8.85,17.27,13.58,23.12,57.46,98.90
8.39,15.81,13.58,21.64,53.41,93.46
7.45,13.38,10.73,17.76,45.89,78.52
6.99,11.67,9.20,15.91,43.58,69.92
7.69,12.89,10.08,17.02,43.58,68.86
7.45,12.65,9.42,16.28,43.00,69.74
7.45,12.16,9.64,16.83,45.12,74.66
7.69,13.62,12.05,19.42,50.71,83.62
8.85,16.54,12.49,21.64,58.62,94.69
9.32,17.51,14.46,24.41,65.56,103.82
11.65,19.70,17.30,28.48,74.62,110.14
10.02,18.48,14.02,23.86,61.32,98.55
8.85,16.78,13.14,20.90,53.41,86.96
8.85,14.35,11.61,19.05,51.87,77.82
8.85,15.08,11.39,18.50,47.43,72.73
9.32,15.57,10.73,18.31,48.20,74.66
8.85,14.59,11.61,19.05,50.32,81.16
9.32,17.03,15.77,22.93,56.88,95.74
9.78,18.24,15.11,24.41,60.54,98.73
27.02,32.35,30.89,44.20,85.61,97.50
28.65,34.29,17.30,27.93,72.31,96.09
10.48,18.97,14.46,22.93,56.30,89.94
9.32,16.05,15.77,22.75,52.25,83.97
8.62,14.59,13.80,20.53,48.59,74.13
8.39,13.38,12.05,18.68,48.20,70.09
8.39,13.38,10.51,17.57,47.63,69.74
8.39,13.38,11.17,17.94,47.43,69.56
8.62,14.59,13.58,19.79,49.94,74.83
8.85,14.59,15.77,21.82,52.06,82.39
9.08,16.78,13.58,21.27,55.15,85.73
9.78,17.75,17.74,25.34,59.39,91.00
11.18,19.70,18.84,27.74,68.84,96.62
11.18,20.19,18.18,25.52,60.54,89.42
9.32,15.32,15.55,21.64,52.83,78.70
8.62,13.38,12.27,18.50,47.63,70.09
9.32,15.08,11.39,18.87,47.05,70.09
11.18,17.75,13.58,21.64,53.22,74.31
8.85,14.59,10.95,17.76,48.20,72.55
9.32,16.30,13.14,20.53,52.64,82.74
10.25,18.48,14.90,23.67,64.01,93.98
10.48,19.94,15.11,24.97,64.21,96.97
22.36,22.38,16.87,28.30,74.43,98.37
10.48,19.46,15.11,23.86,57.84,92.75
9.55,16.54,12.49,20.53,50.13,83.44
9.08,14.35,13.14,19.05,44.93,72.38
8.39,13.13,9.42,15.72,42.23,67.98
8.39,14.11,9.64,16.09,42.23,67.11
7.92,13.38,9.42,15.72,40.68,64.65
7.92,13.13,9.86,15.54,38.18,60.25
13.51,29.67,28.48,28.48,40.30,57.27
7.45,12.65,8.76,14.43,36.83,60.08
8.15,13.38,10.30,17.02,40.68,69.56
9.78,18.73,11.83,19.60,46.08,79.75
9.55,18.73,12.49,20.90,48.78,82.21
18.17,30.65,23.00,34.96,67.49,79.05
14.91,18.73,12.27,20.71,50.71,81.86
8.85,17.03,12.05,19.97,49.17,81.33
8.39,15.08,10.30,17.39,43.96,70.62
8.15,13.62,9.42,15.35,41.07,62.89
8.62,14.84,11.39,17.76,42.81,60.96
11.41,30.16,33.30,33.29,42.42,57.27
8.39,14.84,9.20,15.35,38.18,58.15
8.15,13.86,9.64,16.09,40.68,64.47
8.39,16.05,11.61,18.13,46.47,74.66
8.85,16.54,11.83,19.79,49.75,77.29
16.54,18.24,12.70,21.45,56.88,78.35
9.78,16.78,12.27,19.79,48.78,76.24
8.62,16.78,11.17,18.13,47.43,75.01
7.92,13.86,11.39,16.83,42.42,62.71
8.15,12.89,9.64,15.72,40.88,59.02
8.15,13.62,9.20,15.91,41.46,58.67
10.48,16.78,12.92,19.97,48.40,60.43
7.92,13.38,8.98,15.17,40.11,55.86
7.45,13.38,9.64,15.35,38.95,58.85
7.69,14.59,9.20,15.72,41.07,62.54
7.92,14.84,10.95,17.57,41.65,63.77
21.20,29.67,24.31,36.44,62.09,64.65
14.44,15.81,11.83,18.31,43.38,63.94
7.69,14.11,9.64,15.54,39.72,58.85
7.22,12.16,9.42,14.98,37.79,52.17
8.15,12.89,9.86,16.65,43.38,53.75
11.18,17.27,14.24,21.64,48.78,53.40
7.69,12.65,8.76,14.61,37.98,46.55
7.22,12.40,9.86,16.09,40.68,50.24
8.15,13.62,10.73,17.20,44.73,55.51
7.69,12.40,10.73,17.57,45.89,55.16
35.17,39.40,34.83,44.20,69.03,54.98
6.52,10.94,8.54,13.87,34.32,45.85
5.59,10.46,7.45,12.21,28.73,43.39
6.06,10.22,7.23,12.02,27.38,40.23
5.59,9.00,6.57,10.73,27.38,39.35
7.45,12.16,9.42,14.98,34.71,47.25
19.33,50.83,45.12,49.38,47.82,54.11
7.92,12.65,8.54,14.24,35.67,48.48
6.52,10.70,8.10,13.13,32.78,47.61
6.75,11.92,8.54,14.24,34.90,51.82
6.99,11.43,9.42,16.09,43.77,56.92
8.62,13.38,11.61,18.68,48.78,61.84
7.45,12.16,9.64,16.09,43.19,59.55
6.99,12.40,10.08,15.91,37.41,55.69
7.69,12.65,10.30,15.72,39.14,54.28
9.32,14.11,12.49,20.16,51.10,62.01
15.61,22.38,18.62,30.52,75.20,80.81
9.55,15.32,11.17,18.87,48.98,63.24
8.62,14.35,10.73,18.31,48.40,66.40
10.02,16.54,12.05,19.79,48.78,67.81
10.02,16.54,11.39,18.87,46.66,67.46
8.85,14.84,9.42,16.46,42.81,64.47
7.45,12.40,8.10,13.87,36.25,58.32
6.75,11.67,7.45,12.76,33.55,55.86
6.52,10.94,7.45,12.76,33.55,56.57
6.52,11.19,7.45,12.76,33.94,56.39
6.75,11.43,7.89,13.69,36.44,61.13
7.22,12.89,8.98,15.72,40.88,67.98
7.69,14.84,9.64,17.02,46.85,78.88
7.92,15.08,10.73,18.50,48.01,79.93
16.77,19.21,12.92,22.93,59.97,79.58
8.39,15.08,10.73,18.50,47.43,78.52
7.92,14.84,12.05,19.05,46.66,79.23
7.92,14.11,10.95,17.39,43.38,69.74
7.92,12.89,9.86,16.65,43.00,64.65
43.56,63.97,63.52,46.79,57.27,45.50
34.01,61.53,36.14,42.35,52.64,68.51
8.39,14.11,9.64,17.02,45.12,68.16
8.15,14.59,10.30,17.57,46.85,74.66
8.85,17.27,11.17,20.34,55.92,90.65
9.78,18.24,15.55,24.78,63.44,98.55
13.04,18.73,15.11,24.97,64.79,99.60
10.02,17.51,13.58,22.01,59.00,94.86
10.02,16.78,12.92,21.08,54.76,87.83
9.08,14.59,11.17,19.42,52.25,80.28
12.58,18.73,17.09,26.45,63.44,85.20
13.04,19.46,14.24,24.41,61.89,87.83
11.41,29.92,13.36,23.86,61.12,91.00
13.04,30.16,19.28,30.33,79.83,114.01
13.04,25.29,17.74,32.18,87.35,128.59
46.58,63.97,87.62,105.98,138.25,124.37
36.57,43.78,17.09,30.33,84.65,119.81
11.18,41.83,14.24,32.92,67.49,110.14
18.63,45.97,15.33,36.62,60.54,91.17
9.55,24.08,14.46,23.86,61.32,86.25
10.95,17.03,16.87,27.93,72.50,89.42
19.33,27.97,23.44,37.55,97.18,107.33
10.02,15.57,13.58,22.93,62.09,81.69
7.69,12.89,12.05,18.87,49.55,75.54
6.75,12.40,11.17,18.87,51.87,82.39
7.69,13.38,14.24,22.19,57.27,84.67
7.22,13.86,11.61,19.42,49.55,76.06
4.66,9.00,7.23,13.50,34.51,61.84
4.66,8.76,7.89,14.06,32.59,61.13
4.66,8.27,7.67,12.95,32.39,56.92
4.43,7.78,6.57,11.84,32.39,52.70
5.36,13.13,14.24,18.68,33.36,52.00
4.66,8.27,6.57,11.65,32.01,53.05
4.89,8.51,7.89,13.50,34.51,60.61
5.12,10.22,8.32,14.98,39.33,70.44
6.52,10.70,8.98,16.46,46.85,75.19
11.41,33.56,47.53,57.71,72.69,72.90
13.51,27.24,17.30,27.74,61.70,78.35
5.82,10.70,8.32,15.72,43.38,75.89
5.36,10.22,7.89,14.24,38.18,66.23
5.36,9.00,7.01,12.76,35.48,58.85
5.59,9.97,8.10,13.87,35.09,56.92
5.59,9.73,7.01,12.76,34.13,57.09
5.59,9.73,8.32,14.80,39.33,66.23
6.52,12.16,9.20,17.39,47.43,81.16
9.08,13.13,10.95,19.42,56.88,84.32
8.15,13.38,11.17,19.60,52.83,84.15
6.52,11.92,8.98,16.46,43.96,75.54
6.06,10.46,8.32,14.80,38.37,63.24
5.36,9.24,7.01,12.58,34.90,56.74
5.82,10.46,7.89,13.50,33.94,53.58
5.36,9.49,7.01,12.58,34.51,54.81
5.59,9.73,7.45,13.50,36.44,59.20
5.82,10.70,8.10,14.80,40.49,66.93
6.06,10.46,8.54,15.35,43.00,68.16
6.99,10.94,9.20,16.09,43.38,68.86
6.06,11.19,8.76,15.35,41.65,68.34
7.22,12.40,10.51,16.83,39.91,62.54
6.52,10.46,9.20,15.17,38.18,55.86
14.21,34.29,38.77,37.92,44.73,48.66
8.15,26.27,14.68,22.19,37.21,54.98
7.22,12.16,9.42,15.35,39.14,60.25
7.69,12.65,9.64,15.91,40.30,62.54
7.69,12.65,8.98,15.54,42.23,65.88
7.22,12.65,10.08,16.46,41.26,67.63
7.45,13.86,10.08,17.39,44.93,77.65
12.34,14.84,11.39,19.79,55.34,79.40
15.84,17.51,11.17,19.42,52.45,81.51
7.45,13.86,9.64,17.20,43.77,76.94
6.99,13.38,9.20,16.09,38.56,69.92
6.06,10.46,7.23,12.95,33.16,57.97
5.59,9.49,6.57,11.84,32.20,54.46
5.82,9.73,6.79,12.02,32.59,55.34
6.06,9.97,7.01,12.58,33.74,58.32
6.06,11.19,8.32,14.80,38.37,66.40
6.75,12.40,8.98,16.46,44.54,74.31
12.81,14.11,12.49,21.64,59.77,79.58
15.14,55.45,73.38,81.56,88.89,80.98
23.29,44.02,21.69,32.92,71.15,82.39
7.45,13.62,9.64,17.39,47.24,76.42
6.99,12.89,8.76,15.35,41.07,67.98
6.99,11.43,8.10,14.24,38.56,60.96
8.39,13.86,10.51,16.65,40.30,60.43
8.39,14.59,9.86,16.09,39.72,60.43
7.22,11.92,8.54,14.61,39.72,63.24
7.92,14.35,10.08,17.39,44.15,74.13
8.62,16.30,10.95,19.05,51.10,82.39
9.32,17.75,12.70,21.27,53.22,88.19
9.32,17.51,12.05,20.16,50.13,84.32
8.85,16.78,11.61,19.24,46.85,80.63
7.92,13.86,9.20,15.91,41.07,66.75
7.69,12.65,8.76,14.98,39.33,60.96
8.85,14.59,10.08,16.28,38.76,58.50
8.39,14.11,8.98,15.35,38.56,57.44
7.69,13.13,9.20,15.54,39.53,61.48
7.92,14.35,9.86,16.83,43.38,70.62
7.45,13.86,10.08,17.39,45.50,69.39
8.85,14.35,11.17,18.87,49.36,72.20
7.45,13.86,9.86,17.20,44.35,68.69
7.69,14.11,10.30,16.83,40.30,65.35
7.69,12.89,8.54,14.43,36.64,58.85
8.39,13.62,8.76,14.80,36.64,57.44
9.32,15.81,9.42,15.35,35.86,56.39
8.39,13.62,8.54,14.06,33.74,52.52
8.39,15.32,12.92,17.57,32.59,49.89
8.62,16.78,9.64,14.80,32.59,50.77
7.69,12.16,8.10,13.50,33.74,53.58
8.15,14.84,10.08,16.46,39.72,67.63
8.39,16.30,10.51,17.76,43.96,68.34
9.08,17.27,12.70,20.53,51.87,70.97
8.85,16.30,10.73,17.57,43.77,61.66
8.39,14.59,10.95,16.65,38.18,57.27
7.92,12.16,8.98,14.24,34.90,48.48
8.85,13.13,10.73,16.65,38.18,46.38
13.98,38.91,17.96,26.08,41.07,47.61
7.92,11.92,8.76,13.87,34.51,43.92
7.92,12.16,9.42,14.80,34.51,45.67
7.69,13.62,9.42,15.17,36.06,48.31
6.99,12.40,9.20,15.17,39.14,49.01
7.22,12.16,9.64,15.54,40.68,49.89
7.69,13.13,10.30,16.09,38.76,49.19
7.92,12.40,10.95,15.35,35.09,44.44
8.85,13.13,10.95,17.02,42.42,50.07
10.71,15.32,13.80,20.53,49.17,53.58
10.02,16.05,11.61,17.94,40.49,50.94
10.02,16.30,10.95,17.20,39.91,55.86
10.71,16.78,10.95,17.39,40.88,59.55
10.71,17.03,10.95,17.76,43.19,61.48
12.11,27.24,9.64,17.02,40.68,60.96
9.32,20.19,9.64,16.65,43.19,68.69
10.71,27.00,11.39,19.79,48.01,79.23
9.78,33.32,11.83,21.45,52.06,84.50
21.89,43.54,15.99,32.92,69.41,82.74
14.67,39.64,13.14,28.67,53.60,81.16
14.67,36.24,12.27,25.52,50.32,76.94
9.78,24.57,9.64,16.28,41.65,65.70
8.39,15.08,8.98,14.98,38.18,61.66
9.08,14.84,10.51,16.28,37.41,58.85
8.15,13.38,8.76,14.61,37.21,59.55
8.62,13.86,10.51,17.02,41.46,68.16
9.78,18.97,11.83,19.79,49.55,81.33
9.78,18.48,13.58,22.01,53.02,85.90
10.25,19.70,15.11,23.49,56.50,90.82
9.55,16.78,13.14,20.90,52.45,83.79
9.08,15.32,12.49,18.68,44.93,71.85
8.15,12.89,10.08,15.91,40.11,61.31
8.39,14.59,13.36,18.50,37.02,56.74
8.15,12.89,9.20,14.98,37.79,58.85
8.39,13.86,11.17,17.20,42.42,68.16
9.08,17.27,11.61,19.42,50.52,79.40
9.55,18.73,13.80,22.38,56.88,87.83
9.78,18.48,15.33,23.67,57.84,88.71
9.08,16.54,12.27,19.97,53.02,83.62
8.39,14.59,11.61,18.31,46.66,72.38
8.85,14.11,10.30,17.20,45.70,69.92
8.39,13.86,9.42,16.65,43.58,66.93
7.69,12.65,8.76,15.35,41.26,65.52
7.92,13.86,9.64,16.83,43.77,72.73
8.39,16.30,10.30,18.68,50.13,83.97
8.39,16.78,12.05,20.53,53.22,87.83
10.95,16.05,12.49,21.27,56.30,89.59
8.39,15.57,11.17,19.60,51.87,83.79
7.69,13.86,10.73,17.94,46.47,73.96
7.22,11.92,8.54,14.98,40.30,63.24
7.69,15.08,14.90,21.27,39.14,59.02
7.69,13.38,9.20,15.72,40.68,63.07
7.69,13.13,9.42,16.65,44.35,70.79
7.92,14.59,10.95,18.68,50.52,83.27
8.15,15.32,11.61,19.97,51.29,83.09
8.62,15.57,12.70,21.64,56.88,87.48
8.85,15.81,11.83,20.16,53.80,82.56
7.45,14.11,10.73,18.31,47.05,78.88
6.52,12.16,8.76,15.35,41.07,68.34
6.52,10.94,7.67,13.87,37.60,62.01
6.29,10.94,7.89,13.87,37.41,60.08
6.29,11.43,8.10,14.61,39.14,62.89
6.99,11.92,10.51,17.20,43.58,69.21
7.45,13.62,10.51,18.31,48.40,79.05
7.45,13.86,12.70,20.34,50.32,80.28
7.69,13.62,11.61,19.24,51.67,78.52
7.45,12.89,12.27,18.87,45.89,69.92
6.75,11.19,8.76,15.35,41.46,62.01
7.92,12.65,10.51,17.76,44.93,62.54
9.55,6.57,9.64,9.43,8.68,3.34
5.82,3.41,6.57,5.92,6.56,3.34
5.36,29.19,48.19,47.90,42.23,30.22
6.52,34.05,51.91,51.42,47.82,35.49
6.52,35.51,50.82,51.42,47.24,35.13
7.69,35.75,38.99,44.76,47.82,36.54
6.99,34.05,41.40,45.68,43.00,32.85
13.74,34.78,18.18,30.89,46.47,46.03
15.14,27.24,13.80,24.60,46.08,49.19
15.61,19.94,11.17,19.24,45.12,52.52
22.59,38.43,26.94,35.70,59.39,56.39
33.77,31.86,20.37,30.33,66.91,66.05
40.29,54.97,58.05,63.44,80.60,64.12
16.54,53.75,53.01,57.89,63.44,53.58
13.98,48.16,49.29,53.45,59.77,51.47
18.40,46.70,44.90,48.46,59.00,52.00
14.67,46.94,50.60,53.64,57.07,49.71
19.33,35.51,26.72,30.89,51.10,49.89
9.55,14.84,8.32,14.43,32.20,48.48
6.99,13.13,7.89,14.24,32.39,50.59
6.99,14.84,8.10,15.72,30.66,46.90
5.82,11.67,6.57,12.58,26.80,39.17
5.12,9.49,5.48,10.73,24.10,33.90
4.89,8.76,5.70,9.99,22.56,31.44
4.89,10.22,5.70,9.62,21.79,30.39
4.89,8.51,5.26,10.36,24.68,36.01
5.36,10.22,6.13,12.02,29.69,45.32
5.82,11.19,6.57,12.21,31.62,48.66
15.14,18.73,21.69,27.19,48.78,49.71
8.62,41.59,50.16,54.93,54.18,48.84
16.54,22.38,8.32,14.24,39.14,51.12
6.06,11.67,6.57,12.76,31.43,50.42
5.12,9.97,5.70,11.10,27.19,41.46
4.43,8.03,4.60,9.25,23.72,34.43
4.43,7.78,5.26,9.25,22.17,30.74
4.43,8.27,5.04,8.88,22.17,31.27
4.43,8.03,5.04,9.80,25.64,37.07
5.59,10.46,6.57,13.13,34.90,51.30
7.45,13.38,8.54,16.65,42.23,61.66
24.69,29.92,43.37,50.12,67.10,60.61
18.87,49.13,30.23,38.10,59.19,58.85
6.99,13.86,8.54,16.09,39.33,60.08
6.52,13.13,7.45,14.80,36.83,52.17
5.36,9.97,5.91,11.65,29.50,40.76
6.29,19.46,31.10,34.40,32.20,37.59
6.06,18.48,7.01,12.02,27.38,37.07
4.66,8.03,5.26,10.17,27.38,39.70
5.12,9.24,6.13,12.21,33.55,50.24
6.52,11.92,7.67,14.61,39.53,59.20
14.91,13.13,14.68,22.38,52.64,60.61
18.87,48.64,46.00,55.49,65.94,60.08
6.75,14.11,8.76,17.57,38.37,62.01
6.29,14.59,7.01,15.72,35.67,55.86
5.59,11.19,6.79,13.69,30.85,45.50
5.36,9.97,6.79,13.13,31.62,42.86
19.80,43.78,42.50,41.80,41.46,39.00
5.59,10.22,6.57,12.58,30.08,40.58
6.06,13.62,8.32,17.39,36.64,48.48
7.69,16.54,9.86,19.24,43.96,60.96
8.15,15.57,10.95,21.27,50.90,67.28
11.88,20.19,15.55,29.41,68.84,78.00
9.78,20.19,12.05,23.86,53.60,68.86
7.22,15.81,9.42,19.05,38.37,53.58
6.29,13.38,7.89,15.54,30.08,40.93
5.12,10.22,6.13,11.47,26.03,35.31
5.59,12.65,8.98,16.09,29.31,37.07
5.36,9.73,6.35,12.21,29.50,38.82
4.89,9.97,6.57,13.69,29.50,40.76
5.82,12.16,8.32,16.28,35.48,50.77
6.99,12.89,8.98,17.02,41.84,60.43
7.45,14.11,9.64,18.50,44.35,63.77
6.52,11.92,8.32,16.28,40.68,60.25
6.52,13.38,8.54,17.20,41.26,61.13
6.75,14.84,9.86,19.42,42.03,63.42
8.15,15.57,12.27,22.01,51.67,73.61
11.41,19.46,16.87,29.22,67.29,85.55
11.88,20.19,19.28,40.69,67.68,86.60
10.48,19.21,16.43,27.37,60.54,81.33
10.25,18.73,17.09,27.93,54.95,70.09
12.58,21.16,21.25,34.96,81.37,86.08
61.49,118.69,226.28,199.01,174.31,100.83
9.78,15.57,11.61,20.16,48.40,57.97
9.08,18.24,16.87,28.67,56.69,67.28
15.61,26.75,29.35,43.65,100.65,105.75
19.10,33.32,35.05,50.49,107.98,105.58
19.33,31.13,36.80,51.05,102.00,98.55
17.47,34.29,22.12,37.73,67.49,83.79
6.99,17.03,9.64,19.60,39.14,59.20
5.12,11.92,7.01,14.61,31.43,46.38
5.12,9.73,7.01,13.50,31.81,43.57
6.06,22.38,16.65,23.30,29.69,39.17
4.66,8.03,5.91,11.65,29.12,41.81
5.12,10.46,7.89,15.54,35.67,53.75
7.92,13.62,12.92,23.30,56.69,79.23
13.28,21.65,21.69,36.44,86.00,93.28
81.99,54.97,31.32,50.86,104.89,91.70
12.11,22.62,19.93,36.99,66.52,85.02
7.92,23.11,10.30,23.49,44.15,65.88
6.29,14.11,8.10,16.65,34.90,50.07
4.89,9.49,6.13,12.58,30.46,43.39
5.59,10.46,8.54,15.17,31.62,42.16
5.12,9.73,6.35,12.39,29.89,41.63
4.66,10.46,6.13,13.13,29.69,44.80
5.12,10.94,7.01,14.61,33.94,53.58
5.59,10.94,7.23,15.17,36.44,61.66
6.75,14.84,9.20,18.87,42.42,65.70
7.22,13.38,10.51,19.24,43.77,65.52
8.62,15.57,11.17,20.71,45.31,65.52
7.22,16.78,10.30,20.16,43.58,66.23
6.75,13.86,9.64,20.90,41.65,64.12
6.29,15.08,9.42,18.13,38.18,53.40
6.99,14.11,8.32,16.65,36.44,47.43
5.12,9.97,6.79,12.58,27.57,38.65
4.66,9.00,6.35,11.84,26.99,38.65
5.82,12.16,8.10,15.72,32.97,47.78
6.99,18.24,10.08,22.75,43.38,65.17
6.99,14.11,9.64,18.87,41.65,65.88
15.84,14.84,14.02,24.41,50.32,63.59
7.92,15.08,9.86,18.31,39.33,64.29
7.69,16.30,13.14,25.89,52.83,73.08
12.81,27.48,15.33,31.81,55.34,70.27
8.15,18.24,10.08,19.24,38.37,50.94
5.12,8.76,5.91,11.28,28.15,40.58
6.06,10.22,7.45,14.24,34.90,46.20
13.04,21.40,21.03,37.18,84.65,88.19
20.50,29.43,29.57,47.72,115.88,110.67
13.51,21.65,16.21,28.11,65.56,71.67
9.08,16.05,11.61,20.90,49.36,62.54
10.48,18.97,12.05,22.38,53.80,74.31
10.02,19.70,12.70,22.56,53.99,73.96
32.38,26.27,24.53,37.55,65.75,69.39
21.89,19.94,11.83,20.16,45.50,65.88
8.39,17.03,10.95,20.71,43.58,62.89
6.29,14.11,8.10,15.91,35.29,52.52
5.36,10.94,7.01,13.50,30.85,48.13
5.36,10.94,6.79,13.50,26.80,42.16
4.43,8.76,4.82,9.62,21.98,33.73
3.73,6.32,4.38,7.77,20.05,28.63
5.59,9.73,7.23,13.13,30.85,39.88
7.92,13.38,10.73,19.05,46.66,59.02
9.55,16.78,11.83,21.45,53.41,69.56
11.41,20.43,18.40,31.63,68.84,78.88
12.11,24.32,16.65,28.85,58.04,72.02
9.78,25.05,16.65,31.26,48.98,62.01
7.22,15.08,9.20,17.94,32.39,42.51
5.12,9.97,6.57,12.02,26.42,35.31
7.22,13.13,9.42,17.02,37.60,44.80
8.15,16.05,12.92,22.93,45.70,53.75
9.78,18.73,14.46,24.23,58.81,71.32
16.30,25.05,56.95,76.39,122.63,89.24
23.52,84.64,79.51,94.51,99.11,69.56
13.74,27.24,19.50,33.48,57.84,69.92
12.58,30.89,20.59,37.55,61.32,69.04
12.34,26.02,18.84,33.48,63.82,68.34
11.18,19.46,15.77,27.37,55.53,59.38
11.65,19.94,15.11,26.08,54.18,57.97
11.18,19.21,16.87,28.85,59.77,63.77
9.78,17.51,16.65,27.37,56.69,65.88
15.37,26.02,31.98,49.38,100.84,98.73
30.75,42.32,49.50,69.73,180.28,147.03
17.70,33.32,28.91,46.61,81.95,85.90
11.41,26.75,21.69,36.99,57.07,64.82
10.02,20.43,14.46,24.78,46.85,52.00
8.15,13.86,12.05,19.79,39.72,43.92
9.08,28.46,14.90,21.27,37.02,41.28
6.06,10.70,8.76,15.54,32.78,39.88
6.99,12.65,10.30,17.57,36.44,45.85
8.62,15.57,10.95,18.50,43.96,57.09
9.32,17.51,12.49,20.90,47.24,59.55
23.99,19.94,12.27,19.97,43.38,54.98
9.08,18.48,10.95,19.97,40.11,54.11
7.45,17.75,10.95,20.34,35.86,45.67
6.29,12.16,8.10,14.43,29.12,37.07
6.29,11.19,8.54,14.43,30.08,36.36
6.99,12.16,8.54,14.61,32.20,38.65
6.52,12.16,9.64,17.02,33.74,41.63
7.22,14.35,11.61,20.71,40.68,51.47
9.32,16.54,14.46,24.97,54.95,67.81
11.18,20.43,16.65,27.00,59.00,69.74
9.55,17.03,14.68,23.49,51.87,65.35
8.85,17.51,14.24,23.67,46.85,56.04
7.45,12.89,10.51,18.13,40.88,48.13
6.29,10.70,8.10,14.24,34.32,41.28
24.92,45.48,51.48,46.24,46.08,38.30
6.29,11.19,7.67,12.76,28.92,36.89
5.36,9.73,7.23,13.13,28.34,39.35
5.59,10.46,8.98,15.91,32.97,47.43
7.22,13.86,10.51,17.94,40.11,58.32
7.45,15.08,10.73,18.31,38.95,58.85
7.69,15.81,10.73,19.42,38.37,59.38
7.92,14.84,12.27,21.64,43.58,60.61
8.62,16.54,13.58,22.93,45.12,55.34
8.15,14.11,11.17,19.79,48.59,56.04
13.04,27.48,38.11,45.13,60.16,61.66
8.39,13.62,9.86,17.94,44.73,52.17
7.45,13.13,11.61,18.87,44.54,55.51
8.15,14.35,11.39,19.42,47.05,65.52
8.62,16.30,12.70,21.08,48.59,68.69
9.08,16.30,13.36,21.45,48.40,67.63
8.15,16.54,11.39,19.60,41.65,63.07
6.52,14.84,10.73,18.68,36.25,53.75
6.29,11.92,9.20,16.83,36.83,47.96
7.22,11.92,9.20,16.83,42.23,50.24
7.92,12.65,10.51,18.87,47.63,54.46
8.85,14.84,11.61,20.71,52.64,58.67
7.45,12.65,11.17,18.87,42.81,53.23
6.75,12.16,10.30,16.83,38.76,53.23
6.52,12.40,9.86,17.02,39.91,59.38
7.45,13.38,10.95,18.68,45.31,65.70
8.39,16.30,12.49,21.27,48.59,68.86
10.95,15.81,12.92,21.27,44.73,66.23
8.85,18.24,13.14,23.49,44.73,67.46
9.08,22.62,17.52,29.78,49.75,66.05
9.08,17.03,17.09,27.00,49.55,59.02
8.15,14.11,12.49,20.71,47.43,54.46
36.80,63.24,79.51,74.17,68.84,53.40
17.24,44.27,39.87,41.43,46.85,50.42
6.99,11.43,9.20,15.72,38.76,47.78
6.99,11.43,12.49,19.60,43.58,55.34
8.62,14.84,15.77,24.78,55.34,70.44
7.92,14.11,10.51,18.50,47.82,70.62
7.69,14.84,11.61,19.79,46.85,70.79
15.84,16.05,12.92,21.27,48.20,71.15
9.08,17.27,12.70,21.27,49.55,73.08
7.45,15.32,12.27,20.16,43.96,61.13
6.06,10.94,8.76,15.54,35.09,47.25
6.29,10.70,9.42,15.54,34.13,43.74
10.48,32.10,24.97,29.22,34.13,41.98
4.66,8.51,6.79,12.76,29.69,43.04
5.12,9.24,7.01,13.32,33.16,54.28
5.59,10.22,7.45,14.24,39.33,64.47
9.32,11.43,9.42,17.39,46.85,68.51
22.36,23.11,12.05,21.45,52.64,70.62
6.99,13.62,10.73,19.79,45.12,72.90
6.29,11.67,9.86,17.94,39.53,65.52
5.36,9.73,7.89,13.87,31.62,50.07
4.66,7.78,5.91,10.91,27.77,42.16
4.43,7.54,6.13,10.91,27.57,40.76
4.89,8.27,7.01,12.58,32.01,45.67
6.75,11.43,11.83,19.97,47.05,63.94
10.25,16.54,14.68,26.26,67.87,87.48
10.02,16.05,14.90,26.08,65.75,81.86
68.01,60.80,35.05,53.64,97.18,84.15
11.18,19.21,17.52,30.70,68.06,85.73
8.15,16.05,15.11,27.00,53.22,74.31
7.92,15.32,13.80,23.49,48.40,62.36
6.99,11.67,9.64,17.57,42.42,53.75
5.82,10.22,8.32,14.61,33.94,45.32
5.12,8.76,7.01,12.95,32.59,45.15
4.89,9.00,7.67,13.69,32.59,50.07
5.59,9.73,9.64,17.20,41.26,65.70
7.92,13.62,12.70,22.38,56.50,79.93
8.85,15.08,13.14,22.93,56.30,79.05
6.75,12.89,10.95,19.79,46.28,75.19
6.75,12.16,10.30,18.31,46.08,73.43
7.22,13.13,17.09,27.37,50.32,72.90
7.92,15.57,14.68,22.75,46.28,59.20
6.52,10.46,10.30,17.20,42.23,50.94
7.45,17.03,13.58,18.50,36.44,43.92
4.89,8.03,7.01,12.21,30.66,41.46
5.36,9.49,8.76,14.80,31.62,46.55
5.59,11.19,7.89,14.80,36.83,58.67
6.75,14.35,9.20,17.20,41.26,66.75
23.06,36.48,33.51,45.31,64.40,67.28
8.85,13.62,9.42,17.02,40.11,65.70
6.06,11.67,8.10,15.17,36.25,58.67
6.06,13.62,8.10,15.54,34.51,49.71
7.22,15.08,11.39,20.53,38.95,48.66
8.39,16.30,14.02,23.12,41.26,47.43
8.85,28.46,16.21,22.01,33.55,40.40
5.59,10.70,8.54,14.98,29.89,40.76
5.59,11.67,8.76,17.20,32.78,51.12
6.52,13.62,8.76,17.39,38.18,60.43
12.11,14.84,10.95,19.24,43.77,62.19
6.99,14.35,8.76,17.02,37.60,61.31
6.06,13.13,7.89,15.72,34.32,55.34
5.59,12.40,7.45,14.43,30.46,45.50
5.59,10.70,7.45,13.69,31.04,41.81
6.52,11.43,9.64,16.65,36.25,43.92
7.45,13.38,9.42,16.28,35.09,42.69
5.12,8.76,6.13,11.47,27.57,38.65
4.66,8.51,5.91,11.28,29.50,46.03
5.59,10.22,7.01,12.76,33.74,53.58
8.62,12.65,8.98,15.91,38.95,59.20
23.06,36.00,26.29,37.73,55.34,58.85
6.75,13.13,7.89,14.80,35.29,56.92
5.82,11.19,6.57,12.76,32.78,51.65
5.36,10.46,6.79,13.13,28.73,41.46
4.89,9.73,5.91,11.47,25.84,35.49
4.89,8.76,6.57,11.47,25.84,34.08
5.59,11.92,9.42,14.43,27.38,34.08
4.66,9.00,6.13,11.84,24.68,34.26
5.36,11.19,7.45,14.61,29.50,43.92
6.52,13.13,8.76,16.46,36.25,54.98
11.41,16.05,11.61,19.42,42.03,59.73
7.92,16.05,9.64,18.13,39.91,59.73
7.22,14.35,9.86,20.90,38.37,53.40
6.99,14.84,9.86,18.13,35.29,43.21
8.39,14.35,12.70,22.01,49.55,53.58
48.21,90.23,94.19,93.77,73.66,61.48
6.06,10.46,7.23,13.32,31.04,37.77
5.36,10.22,7.01,13.13,28.15,37.77
6.29,13.13,7.89,14.61,35.09,49.89
8.15,16.30,10.51,18.68,43.19,60.78
37.50,43.78,24.75,38.47,64.40,64.82
8.85,17.03,11.39,20.16,38.76,54.63
6.29,15.08,8.54,16.09,29.50,40.93
5.36,10.22,7.01,12.58,25.64,33.20
6.06,10.70,9.64,15.35,29.69,34.43
6.99,18.24,8.54,14.06,29.69,34.61
5.36,9.97,7.67,14.06,28.54,36.54
6.75,12.40,8.98,15.72,36.44,47.96
9.55,17.03,14.68,23.30,50.13,60.08
10.71,23.59,16.65,26.82,53.41,63.77
9.55,19.21,15.77,26.08,39.72,47.43
6.75,13.86,10.51,18.50,29.50,36.36
5.59,11.19,7.45,13.50,27.96,33.38
5.59,10.22,8.54,14.06,25.84,32.32
5.36,10.94,7.67,13.32,27.19,37.59
6.75,12.65,10.30,17.02,37.21,51.12
16.54,20.43,19.06,28.67,58.23,67.28
12.58,21.89,20.81,31.07,58.23,70.27
10.71,20.92,14.46,23.12,47.05,63.94
9.78,17.51,16.21,23.86,45.70,56.74
7.22,14.59,11.39,18.68,37.21,44.27
5.36,9.24,7.23,12.02,26.03,33.73
4.66,8.03,5.91,10.54,25.07,33.73
5.12,9.24,7.23,12.76,28.15,40.40
6.06,10.94,7.45,13.50,35.09,53.40
13.98,14.11,13.58,22.93,49.17,58.50
12.81,42.56,38.99,48.46,59.00,56.57
7.45,11.67,7.45,13.13,31.43,51.30
4.89,9.97,5.91,11.28,27.38,44.80
5.36,11.67,6.57,13.13,26.80,39.00
5.82,11.92,8.32,15.91,34.51,42.34
9.78,19.46,21.03,29.96,46.47,50.77
7.45,14.35,9.86,18.13,38.95,46.03
6.52,13.62,9.42,17.94,32.39,43.74
6.75,15.08,9.64,17.94,38.37,55.86
7.45,17.03,10.30,20.34,42.23,61.31
29.35,27.73,20.15,35.14,59.00,63.07
7.92,15.32,10.95,20.90,43.58,62.54
8.39,16.54,13.80,24.41,48.01,65.70
11.65,24.32,19.06,32.74,57.27,66.58
9.55,20.19,13.80,25.52,45.50,52.52
10.02,19.46,43.59,49.75,50.52,52.52
11.41,34.29,12.92,21.82,42.81,47.96
6.06,12.16,9.20,17.57,34.32,44.44
5.82,12.16,9.20,16.65,35.67,52.52
6.99,13.86,10.08,18.68,41.84,61.84
29.81,51.81,64.84,75.65,76.74,65.17
20.26,57.40,46.44,59.37,72.31,66.23
7.92,17.27,12.27,22.56,46.66,65.70
9.08,21.65,15.99,29.41,53.80,65.88
9.08,17.75,13.14,22.75,49.55,57.27
9.78,16.05,20.15,29.59,52.64,56.39
11.18,25.05,14.24,23.49,51.48,56.57
7.69,12.65,11.39,19.97,46.85,54.98
8.39,13.38,11.83,20.53,51.67,63.42
8.15,14.11,10.95,20.34,54.18,72.20
9.55,15.32,14.46,25.15,64.98,75.54
54.04,48.16,16.65,28.67,71.34,79.23
10.02,18.24,13.58,23.86,55.34,73.43
6.99,14.59,11.61,22.19,42.23,57.97
6.52,13.62,9.20,18.50,34.90,46.38
6.75,13.38,10.73,19.79,42.61,50.42
15.61,31.13,34.61,46.79,73.85,73.96
8.62,15.08,10.95,19.79,45.89,53.23
6.52,12.65,10.08,18.50,37.21,47.78
6.29,11.43,12.49,20.34,43.77,59.20
8.85,15.08,16.43,27.37,60.93,77.65
29.35,24.32,36.14,57.34,110.87,93.81
55.43,48.40,21.69,34.59,74.43,81.51
10.02,17.51,19.50,30.15,60.54,79.93
11.88,19.94,26.50,38.47,70.96,84.85
13.51,26.51,25.19,38.47,66.91,75.71
10.25,19.21,15.99,27.74,58.04,64.65
15.61,27.00,47.53,54.93,73.46,73.61
7.92,14.11,10.08,18.68,43.58,52.70
6.52,13.38,10.30,18.50,39.33,53.40
6.99,13.86,10.95,19.60,45.89,68.69
7.92,16.54,12.92,25.71,49.75,76.77
8.15,13.86,12.27,20.90,48.20,76.42
10.25,14.11,11.83,20.16,46.08,74.48
7.69,15.81,11.17,22.75,47.63,72.55
10.25,18.97,15.99,27.74,49.55,66.58
10.71,20.19,19.06,31.81,52.25,61.48
9.78,17.03,17.74,27.74,51.48,56.92
29.11,59.10,66.37,67.51,57.07,54.11
7.92,14.11,14.46,23.49,43.96,52.35
9.08,18.00,14.24,23.30,44.54,59.38
7.22,13.86,12.05,21.64,44.73,68.34
8.15,15.57,12.27,20.71,45.50,73.25
23.06,30.89,12.92,23.86,51.10,74.48
8.39,18.48,10.95,21.27,44.15,70.44
9.32,18.00,15.55,26.63,48.78,65.35
9.55,18.00,14.46,24.97,49.17,58.67
6.75,11.43,9.42,16.46,37.98,46.20
6.29,10.46,8.10,14.61,34.32,43.21
6.29,12.40,9.64,17.39,37.02,48.66
6.75,11.67,10.51,17.94,43.77,61.48
9.32,14.35,13.80,22.75,53.60,67.98
15.14,17.27,13.80,22.19,48.78,67.63
7.45,13.38,11.83,19.24,43.77,60.78
6.52,12.65,9.86,16.83,34.51,46.03
5.12,10.46,6.79,12.76,29.31,37.77
6.75,13.38,19.28,24.60,32.97,38.47
5.59,9.73,6.79,12.39,29.50,37.07
5.36,10.22,8.32,14.98,31.81,42.86
6.75,11.92,9.64,16.28,40.30,57.97
13.98,15.32,12.27,20.71,47.05,63.94
7.22,14.35,10.95,19.42,40.11,62.01
6.52,13.13,10.51,21.08,37.41,54.11
6.99,14.35,10.51,19.24,36.25,44.97
8.15,13.86,12.27,20.71,45.31,49.89
7.92,13.38,10.73,18.31,41.46,46.90
6.29,12.16,9.64,17.20,34.32,42.34
5.82,11.19,8.76,16.28,35.48,50.42
6.52,13.62,9.20,16.65,37.02,55.69
20.26,26.27,13.58,25.15,47.63,58.32
7.22,14.59,9.64,17.76,37.79,57.62
7.22,15.57,8.32,16.65,35.09,52.35
6.52,12.65,7.45,15.35,28.92,39.53
4.89,9.24,6.57,11.84,25.64,33.73
4.43,10.94,7.67,10.91,21.60,29.34
3.96,7.54,5.04,9.80,22.17,33.20
5.12,10.22,6.79,12.58,32.01,47.96
6.52,12.65,9.20,16.28,39.33,58.15
26.09,35.75,15.11,27.56,53.80,62.36
8.39,16.78,11.83,20.90,46.08,63.24
7.45,19.21,10.73,20.16,39.33,50.24
4.66,9.49,5.26,10.54,23.14,31.97
4.19,8.27,12.70,15.35,21.98,28.46
4.89,12.65,6.79,11.28,24.10,31.09
4.89,9.97,6.57,12.58,26.61,36.54
5.59,11.67,7.89,13.87,33.16,49.36
6.52,13.86,8.98,15.54,35.09,51.82
18.17,31.38,18.18,29.78,45.89,50.77
7.22,13.38,8.76,15.17,31.62,49.36
5.59,10.94,6.35,11.65,25.84,43.04
4.43,8.27,4.60,8.69,20.25,33.90
3.96,7.30,4.38,8.14,16.97,27.58
3.49,6.08,4.82,7.95,17.74,26.53
3.96,7.30,5.48,9.25,17.93,27.76
4.89,8.76,5.26,9.99,20.44,34.61
6.06,10.22,7.89,13.32,29.31,44.44
6.99,12.65,9.86,15.35,32.59,45.50
10.71,26.02,10.08,18.68,32.78,49.01
7.22,14.84,9.42,15.54,33.36,48.66
6.75,11.67,8.32,14.06,30.27,45.67
6.06,10.94,7.23,13.50,27.57,41.81
6.06,9.49,7.45,12.58,26.61,37.77
5.36,8.03,8.10,11.65,26.03,34.43
